source,title,company,location,stipend,duration,mode,internship_type,branch_required,cgpa_required,gender,eligibility_raw,skills,deadline,applicants,apply_link
AICTE,DUMMY INTERNSHIP DONT APPLY FOR THIS INTERNSHIP,Test ULB,"Delhi, Delhi",Unpaid,3 Months,Not mentioned,Part Time,Not mentioned,Not mentioned,All,Not mentioned,N/A,16-Apr-2026,1,https://internship.aicte-india.org/internship-details.php?uid=SU5URVJOU0hJUEdPVl8xNzc2MjQ5ODc1NjlkZjZjMTNhZDBhOA==&level=Mg==
AICTE,"SWACHH TULIP INTERN FOR PUBLIC HEALTH, SANITATION CONSERVATION, AND SOLID WASTE MANAGEMENT 2025-26",Bilaspur Smart City Limited,"Chhattisgarh,  Bilaspur",1500 /month,12 Weeks,Not mentioned,Full Time,Not mentioned,Not mentioned,All,Not mentioned,N/A,20-Apr-2026,5,https://internship.aicte-india.org/internship-details.php?uid=SU5URVJOU0hJUEdPVlNCTV8xNzc2MDg1NTI1NjlkY2VhMTVlYzYyMQ==&level=Mg==
AICTE,"SWACHH TULIP INTERN FOR PUBLIC HEALTH, SANITATION CONSERVATION, AND SOLID WASTE MANAGEMENT.2026",Municipal Corporation Korba,"Chhattisgarh, Korba",4000 /month,12 Weeks,Not mentioned,Full Time,Not mentioned,Not mentioned,All,Not mentioned,N/A,17-Apr-2026,7,https://internship.aicte-india.org/internship-details.php?uid=SU5URVJOU0hJUEdPVlNCTV8xNzc1OTA1MDg1NjlkYTI5M2QxZjdjZg==&level=Mg==
AICTE,TULIP INTERNS FOR SBM,MUNICIPAL CORPORATION LUDHIANA,"Punjab,  Ludhiana",12000 /month,12 Months,Not mentioned,Full Time,Not mentioned,Not mentioned,All,Not mentioned,N/A,27-Apr-2026,10,https://internship.aicte-india.org/internship-details.php?uid=SU5URVJOU0hJUEdPVlNCTV8xNzc1ODI1NDM2NjlkOGYyMWM1ZmIxMQ==&level=Mg==
AICTE,PUMP OPERATOR,Ichalkaranji Municipal Corporation,"Maharashtra,  Ichalkaranji",Unpaid,6 Months,Not mentioned,Full Time,Not mentioned,Not mentioned,All,Not mentioned,N/A,17-Apr-2026,10,https://internship.aicte-india.org/internship-details.php?uid=SU5URVJOU0hJUEdPVl8xNzc1MjExOTg3NjljZjk1ZDNiMjY1Yg==&level=Mg==
AICTE,ELECTRICIAN,Ichalkaranji Municipal Corporation,"Maharashtra,  Ichalkaranji",Unpaid,6 Months,Not mentioned,Full Time,Not mentioned,Not mentioned,All,Not mentioned,N/A,17-Apr-2026,6,https://internship.aicte-india.org/internship-details.php?uid=SU5URVJOU0hJUEdPVl8xNzc1MjEyNzYyNjljZjk4ZGEyMjZiOQ==&level=Mg==
AICTE,FITTER,Ichalkaranji Municipal Corporation,"Maharashtra,  Ichalkaranji",Unpaid,6 Months,Not mentioned,Full Time,Not mentioned,Not mentioned,All,Not mentioned,N/A,17-Apr-2026,4,https://internship.aicte-india.org/internship-details.php?uid=SU5URVJOU0hJUEdPVl8xNzc1MjEzMTEzNjljZjlhMzliNmNlYQ==&level=Mg==
AICTE,CIVIL ENGINEERING INTERNS,Thrissur Municipal Corporation,"Kerala,  Thrissur",10000 /month,6 Months,Not mentioned,Full Time,Not mentioned,Not mentioned,All,Not mentioned,N/A,16-Apr-2026,2,https://internship.aicte-india.org/internship-details.php?uid=SU5URVJOU0hJUEdPVkFNXzE3NzQ0MTY2Mzk2OWMzNzJmZmRkY2Ji&level=Mg==
AICTE,MUNICIPAL FINANCE INTERN,Alappuzha Municipality,"Kerala,  Alappuzha",10000 /month,6 Months,Not mentioned,Full Time,Not mentioned,Not mentioned,All,Not mentioned,N/A,20-Apr-2026,1,https://internship.aicte-india.org/internship-details.php?uid=SU5URVJOU0hJUEdPVkFNXzE3NzI1MjYzMDM2OWE2OWFkZjMzMDYz&level=Mg==
AICTE,BATCH 06 - TULIP INTERNSHIP - SBM-U 2.0,NAGAR NIGAM GORAKHPUR,"Uttar Pradesh,  Gorakhpur",8000 /month,01 January onwards for 03 months,Not mentioned,Full Time,Not mentioned,Not mentioned,All,Not mentioned,N/A,18-Apr-2026,10,https://internship.aicte-india.org/internship-details.php?uid=SU5URVJOU0hJUEdPVlNCTV8xNzI0NDEyNzA4NjZjODczMjQxMDdiYw==&level=Mg==
AICTE,SOLID WASTE MANAGEMENT,ULB Faridpur,"Uttar Pradesh, Bareilly",10000 /month,3 Months,Not mentioned,Part Time,Not mentioned,Not mentioned,All,Not mentioned,N/A,30-Jul-2026,1,https://internship.aicte-india.org/internship-details.php?uid=SU5URVJOU0hJUEdPVlNCTV8xNzIyMDU5MDY3NjZhNDg5M2JkYTI1OA==&level=Mg==
AICTE,SWACHH BHARAT MISSION KUMBHRAJ,NAGAR PARISHAD KUMBHRAJ,"Madhya Pradesh, Guna",Unpaid,1 Months,Not mentioned,Full Time,Not mentioned,Not mentioned,All,Not mentioned,N/A,30-May-9768,1,https://internship.aicte-india.org/internship-details.php?uid=SU5URVJOU0hJUEdPVlNCTV8xNjg0OTA4Mzk1NjQ2ZGE5NmJhNjQ5ZQ==&level=Mg==
AICTE,STUDENT INTERNSHIP,Thiruvananthapuram Smart City Limited,"Kerala,  Thiruvananthapuram",Unpaid,8-12 Weeks,Not mentioned,Full Time,Not mentioned,Not mentioned,All,Not mentioned,N/A,30-Apr-2026,60,https://internship.aicte-india.org/internship-details.php?uid=SU5URVJOU0hJUEdPVl8xNjY5ODkwNzUyNjM4ODgyYzBkMmMzZg==&level=Mg==
AICTE,BLOCK AND DISTRICT INTERNS,Rural Development Department,Start dateImmediately,Unpaid,Duration2 Months,Not mentioned,Full Time,Not mentioned,Not mentioned,All,Not mentioned,N/A,26-04-2024,N/A,https://internship.aicte-india.org/internship-details.php?uid=SU5URVJOU0hJUEdPVl8xNjk4MjMyNzg5NjUzOGY5ZDVhMDk2Zg==&level=Nw==
AICTE,DUE DATE IS OVER,District Panchayat Dadra and Nagar Haveli,Start dateImmediately,Unpaid,Duration3 Months,Not mentioned,Full Time,Not mentioned,Not mentioned,All,Not mentioned,N/A,31-03-2026,N/A,https://internship.aicte-india.org/internship-details.php?uid=SU5URVJOU0hJUEdPVl8xNzA2NzkxMzA0NjViYjkxODhkYTczNA==&level=Nw==
AICTE,BLOCK -VIKRAMJOT-BASTI-INTERNSHIP-CIVIL WORKS,Rural Development,Start dateImmediately,Unpaid,Duration2 Months,Not mentioned,Full Time,Not mentioned,Not mentioned,All,Not mentioned,N/A,31-03-2024,N/A,https://internship.aicte-india.org/internship-details.php?uid=SU5URVJOU0hJUEdPVl8xNzEwMjQ2OTY2NjVmMDRjMzY0MjdhYQ==&level=Nw==
AICTE,INTERSHIP FOR SUCCESS AND SKILLS FOR REAL WORLD OPPORTUNITIES,UP,Start dateImmediately,Unpaid,Duration3 Months,Not mentioned,Full Time,Not mentioned,Not mentioned,All,Not mentioned,N/A,15-05-2024,N/A,https://internship.aicte-india.org/internship-details.php?uid=SU5URVJOU0hJUEdPVl8xNzEwMzI5ODA3NjVmMThmY2Y0NjM4NQ==&level=Nw==
AICTE,"BLOCK-BAHADURPUR ,BASTI, INTERNSHIP-  CIVIL WORKS",Rural Development,Start dateImmediately,Unpaid,Duration2 Months,Not mentioned,Full Time,Not mentioned,Not mentioned,All,Not mentioned,N/A,31-03-2024,N/A,https://internship.aicte-india.org/internship-details.php?uid=SU5URVJOU0hJUEdPVl8xNzEwNDIxNzQ2NjVmMmY2ZjI1MTdiNA==&level=Nw==
AICTE,"BLOCK-BAHADURPUR ,BASTI, INTERNSHIP-   COMPUTER OPERATOR",Rural Development,Start dateImmediately,Unpaid,Duration2 Months,Not mentioned,Full Time,Not mentioned,Not mentioned,All,Not mentioned,N/A,31-03-2024,N/A,https://internship.aicte-india.org/internship-details.php?uid=SU5URVJOU0hJUEdPVl8xNzEwNDIyMDYyNjVmMmY4MmVlMjY0Mg==&level=Nw==
AICTE,"BLOCK-BASTI SADAR ,BASTI, INTERNSHIP-  CIVIL WORKS",Rural Development,Start dateImmediately,Unpaid,Duration2 Months,Not mentioned,Full Time,Not mentioned,Not mentioned,All,Not mentioned,N/A,31-03-2024,N/A,https://internship.aicte-india.org/internship-details.php?uid=SU5URVJOU0hJUEdPVl8xNzEwNDE3OTk2NjVmMmU4NGNjNzVhMw==&level=Nw==
AICTE,"BLOCK-BASTI SADAR ,BASTI, INTERNSHIP-    SOCIAL WORK",Rural Development,Start dateImmediately,Unpaid,Duration2 Months,Not mentioned,Full Time,Not mentioned,Not mentioned,All,Not mentioned,N/A,31-03-2024,N/A,https://internship.aicte-india.org/internship-details.php?uid=SU5URVJOU0hJUEdPVl8xNzEwNDE4Mjg2NjVmMmU5NmViZThmMA==&level=Nw==
AICTE,"BLOCK-DUBULIYA ,BASTI, INTERNSHIP-  CIVIL WORKS",Rural Development,Start dateImmediately,Unpaid,Duration2 Months,Not mentioned,Full Time,Not mentioned,Not mentioned,All,Not mentioned,N/A,31-03-2024,N/A,https://internship.aicte-india.org/internship-details.php?uid=SU5URVJOU0hJUEdPVl8xNzEwNDE5NTc0NjVmMmVlNzY3Zjc0Mw==&level=Nw==
AICTE,"BLOCK-DUBULIYA ,BASTI, INTERNSHIP-  SOCIAL WORK",Rural Development,Start dateImmediately,Unpaid,Duration2 Months,Not mentioned,Full Time,Not mentioned,Not mentioned,All,Not mentioned,N/A,31-03-2024,N/A,https://internship.aicte-india.org/internship-details.php?uid=SU5URVJOU0hJUEdPVl8xNzEwNDIwMzEwNjVmMmYxNTZhZGU5MQ==&level=Nw==
AICTE,"BLOCK-DUBULIYA ,BASTI, INTERNSHIP-  COMPUTER OPERATOR",Rural Development,Start dateImmediately,Unpaid,Duration2 Months,Not mentioned,Full Time,Not mentioned,Not mentioned,All,Not mentioned,N/A,31-03-2024,N/A,https://internship.aicte-india.org/internship-details.php?uid=SU5URVJOU0hJUEdPVl8xNzEwNDIwNjE4NjVmMmYyOGE4ZDg1Mg==&level=Nw==
AICTE,"BLOCK-SALTUWA GOPALPUR,BASTI, INTERNSHIP-  CIVIL WORKS",Rural Development,Start dateImmediately,Unpaid,Duration2 Months,Not mentioned,Full Time,Not mentioned,Not mentioned,All,Not mentioned,N/A,31-03-2024,N/A,https://internship.aicte-india.org/internship-details.php?uid=SU5URVJOU0hJUEdPVl8xNzEwNDE0NDA5NjVmMmRhNDk4ZDQxYg==&level=Nw==
AICTE,"BLOCK-SALTUWA GOPALPUR,BASTI, INTERNSHIP-  SOCIAL WORK",Rural Development,Start dateImmediately,Unpaid,Duration2 Months,Not mentioned,Full Time,Not mentioned,Not mentioned,All,Not mentioned,N/A,31-03-2024,N/A,https://internship.aicte-india.org/internship-details.php?uid=SU5URVJOU0hJUEdPVl8xNzEwNDE0OTU4NjVmMmRjNmUyYzczYg==&level=Nw==
AICTE,"BLOCK-SALTUWA GOPALPUR,BASTI, INTERNSHIP- COMPUTER OPERATOR",Rural Development,Start dateImmediately,Unpaid,Duration2 Months,Not mentioned,Full Time,Not mentioned,Not mentioned,All,Not mentioned,N/A,31-03-2024,N/A,https://internship.aicte-india.org/internship-details.php?uid=SU5URVJOU0hJUEdPVl8xNzEwNDE1MzEzNjVmMmRkZDEzMDEyZA==&level=Nw==
AICTE,"BLOCK-SALTUWA GOPALPUR,BASTI, INTERNSHIP- ASSISTANT ACCOUNTANT",Rural Development,Start dateImmediately,Unpaid,Duration2 Months,Not mentioned,Full Time,Not mentioned,Not mentioned,All,Not mentioned,N/A,31-03-2024,N/A,https://internship.aicte-india.org/internship-details.php?uid=SU5URVJOU0hJUEdPVl8xNzEwNDE1NjAwNjVmMmRlZjA5YWMwNw==&level=Nw==
AICTE,"BLOCK-SALTUWA GOPALPUR,BASTI, INTERNSHIP-  PRODUCT MARKETING",Rural Development,Start dateImmediately,Unpaid,Duration2 Months,Not mentioned,Full Time,Not mentioned,Not mentioned,All,Not mentioned,N/A,31-03-2024,N/A,https://internship.aicte-india.org/internship-details.php?uid=SU5URVJOU0hJUEdPVl8xNzEwNDE1NzQ2NjVmMmRmODIzMzAxYQ==&level=Nw==
AICTE,BLOCK -VIKRAMJOT-BASTI-INTERNSHIP-SOCIAL SERVICE,Rural Development,Start dateImmediately,Unpaid,Duration2 Months,Not mentioned,Full Time,Not mentioned,Not mentioned,All,Not mentioned,N/A,31-03-2024,N/A,https://internship.aicte-india.org/internship-details.php?uid=SU5URVJOU0hJUEdPVl8xNzEwNDA3NTQ3NjVmMmJmN2IyNWYxZQ==&level=Nw==
AICTE,BLOCK -VIKRAMJOT-BASTI-INTERNSHIP-COMPUTER OPERATER,Rural Development,Start dateImmediately,Unpaid,Duration2 Months,Not mentioned,Full Time,Not mentioned,Not mentioned,All,Not mentioned,N/A,31-03-2024,N/A,https://internship.aicte-india.org/internship-details.php?uid=SU5URVJOU0hJUEdPVl8xNzEwNDA5MTU4NjVmMmM1YzZiODY5NQ==&level=Nw==
AICTE,BLOCK -VIKRAMJOT-BASTI-INTERNSHIP-ASSISTANT ACCOUNTANT,Rural Development,Start dateImmediately,Unpaid,Duration2 Months,Not mentioned,Full Time,Not mentioned,Not mentioned,All,Not mentioned,N/A,31-03-2024,N/A,https://internship.aicte-india.org/internship-details.php?uid=SU5URVJOU0hJUEdPVl8xNzEwNDEwOTUxNjVmMmNjYzc2N2VmYQ==&level=Nw==
AICTE,BLOCK -VIKRAMJOT-BASTI-INTERNSHIP-PRODUCT MARKETING,Rural Development,Start dateImmediately,Unpaid,Duration2 Months,Not mentioned,Full Time,Not mentioned,Not mentioned,All,Not mentioned,N/A,31-03-2024,N/A,https://internship.aicte-india.org/internship-details.php?uid=SU5URVJOU0hJUEdPVl8xNzEwNDExNDMwNjVmMmNlYTY5NGNhYQ==&level=Nw==
AICTE,"BLOCK-PARASRAMPUR,BASTI, INTERNSHIP - SOCIAL WORK",Rural Development,Start dateImmediately,Unpaid,Duration2 Months,Not mentioned,Full Time,Not mentioned,Not mentioned,All,Not mentioned,N/A,31-03-2024,N/A,https://internship.aicte-india.org/internship-details.php?uid=SU5URVJOU0hJUEdPVl8xNzEwNDEwODUwNjVmMmNjNjIyM2FkMg==&level=Nw==
AICTE,"BLOCK-PARASRAMPUR,BASTI, INTERNSHIP- COMPUTER OPERATOR",Rural Development,Start dateImmediately,Unpaid,Duration2 Months,Not mentioned,Full Time,Not mentioned,Not mentioned,All,Not mentioned,N/A,31-03-2024,N/A,https://internship.aicte-india.org/internship-details.php?uid=SU5URVJOU0hJUEdPVl8xNzEwNDExNTE3NjVmMmNlZmQyOGU0Ng==&level=Nw==
AICTE,YOUR INTERNSHIP MAY TURN INTO A FULL TIME JOB OPPORTUNITY,UP GOVERNMENT  RD,Start dateImmediately,Unpaid,Duration3 Months,Not mentioned,Full Time,Not mentioned,Not mentioned,All,Not mentioned,N/A,15-05-2024,N/A,https://internship.aicte-india.org/internship-details.php?uid=SU5URVJOU0hJUEdPVl8xNzEwNDExODYzNjVmMmQwNTcyZjA3OA==&level=Nw==
AICTE,"BLOCK- KUDRAHA ,BASTI, INTERNSHIP-  SOCIAL WORK",Rural Development,Start dateImmediately,Unpaid,Duration2 Months,Not mentioned,Full Time,Not mentioned,Not mentioned,All,Not mentioned,N/A,31-03-2024,N/A,https://internship.aicte-india.org/internship-details.php?uid=SU5URVJOU0hJUEdPVl8xNzEwNDk3OTA4NjVmNDIwNzQwZmYyOQ==&level=Nw==
AICTE,"BLOCK- KUDRAHA ,BASTI, INTERNSHIP-   COMPUTER OPERATOR",Rural Development,Start dateImmediately,Unpaid,Duration2 Months,Not mentioned,Full Time,Not mentioned,Not mentioned,All,Not mentioned,N/A,31-03-2024,N/A,https://internship.aicte-india.org/internship-details.php?uid=SU5URVJOU0hJUEdPVl8xNzEwNDk4NjY5NjVmNDIzNmRlZGI0MA==&level=Nw==
AICTE,"BLOCK-SAUGHAT ,BASTI, INTERNSHIP-   COMPUTER OPERATOR",Rural Development,Start dateImmediately,Unpaid,Duration2 Months,Not mentioned,Full Time,Not mentioned,Not mentioned,All,Not mentioned,N/A,31-03-2024,N/A,https://internship.aicte-india.org/internship-details.php?uid=SU5URVJOU0hJUEdPVl8xNzEwNDkzOTU5NjVmNDExMDdjZTM3Yw==&level=Nw==
AICTE,"BLOCK- SAUGHAT,,BASTI, INTERNSHIP- ASSISTANT ACCOUNTANT",Rural Development,Start dateImmediately,Unpaid,Duration2 Months,Not mentioned,Full Time,Not mentioned,Not mentioned,All,Not mentioned,N/A,31-03-2024,N/A,https://internship.aicte-india.org/internship-details.php?uid=SU5URVJOU0hJUEdPVl8xNzEwNDk0Mzk3NjVmNDEyYmQ2NzMyNA==&level=Nw==
AICTE,"BLOCK-RUDHAULI ,BASTI, INTERNSHIP-  CIVIL WORKS",Rural Development,Start dateImmediately,Unpaid,Duration2 Months,Not mentioned,Full Time,Not mentioned,Not mentioned,All,Not mentioned,N/A,31-03-2024,N/A,https://internship.aicte-india.org/internship-details.php?uid=SU5URVJOU0hJUEdPVl8xNzEwNDg5OTMxNjVmNDAxNGIzNDVlMQ==&level=Nw==
AICTE,"BLOCK-RUDHAULI ,BASTI, INTERNSHIP-   COMPUTER OPERATOR",Rural Development,Start dateImmediately,Unpaid,Duration2 Months,Not mentioned,Full Time,Not mentioned,Not mentioned,All,Not mentioned,N/A,31-03-2024,N/A,https://internship.aicte-india.org/internship-details.php?uid=SU5URVJOU0hJUEdPVl8xNzEwNDkwNDIzNjVmNDAzMzc2Yjk2ZA==&level=Nw==
AICTE,"BLOCK- GAUR,BASTI, INTERNSHIP-  CIVIL WORKS",Rural Development,Start dateImmediately,Unpaid,Duration2 Months,Not mentioned,Full Time,Not mentioned,Not mentioned,All,Not mentioned,N/A,31-03-2024,N/A,https://internship.aicte-india.org/internship-details.php?uid=SU5URVJOU0hJUEdPVl8xNzEwNDk1MTc2NjVmNDE1Yzg1YmY4MQ==&level=Nw==
AICTE,"BLOCK- GAUR ,BASTI, INTERNSHIP-  SOCIAL WORK",Rural Development,Start dateImmediately,Unpaid,Duration2 Months,Not mentioned,Full Time,Not mentioned,Not mentioned,All,Not mentioned,N/A,31-03-2024,N/A,https://internship.aicte-india.org/internship-details.php?uid=SU5URVJOU0hJUEdPVl8xNzEwNDk1NjE4NjVmNDE3ODI5OWZlYw==&level=Nw==
AICTE,"BLOCK- GAUR ,BASTI, INTERNSHIP-   COMPUTER OPERATOR",Rural Development,Start dateImmediately,Unpaid,Duration2 Months,Not mentioned,Full Time,Not mentioned,Not mentioned,All,Not mentioned,N/A,31-03-2024,N/A,https://internship.aicte-india.org/internship-details.php?uid=SU5URVJOU0hJUEdPVl8xNzEwNDk1OTA3NjVmNDE4YTM0MTllOA==&level=Nw==
AICTE,"BLOCK- KAPTANGANJ,BASTI, INTERNSHIP-  CIVIL WORKS",Rural Development,Start dateImmediately,Unpaid,Duration2 Months,Not mentioned,Full Time,Not mentioned,Not mentioned,All,Not mentioned,N/A,31-03-2024,N/A,https://internship.aicte-india.org/internship-details.php?uid=SU5URVJOU0hJUEdPVl8xNzEwNDk0Njg0NjVmNDEzZGMyMzRlOQ==&level=Nw==
AICTE,"BLOCK- KAPTANGANJ ,BASTI, INTERNSHIP-   COMPUTER OPERATOR",Rural Development,Start dateImmediately,Unpaid,Duration2 Months,Not mentioned,Full Time,Not mentioned,Not mentioned,All,Not mentioned,N/A,31-03-2024,N/A,https://internship.aicte-india.org/internship-details.php?uid=SU5URVJOU0hJUEdPVl8xNzEwNDk0ODkwNjVmNDE0YWE1Zjg2Ng==&level=Nw==
AICTE,INTERN FOR COMPUTER WORK IN 1068 GRAM PANCHAYATS OF DISTRICT- SHAHJAHANPUR,RURAL DEVELOPMENT,Start dateImmediately,Unpaid,Duration2 Months,Not mentioned,Full Time,Not mentioned,Not mentioned,All,Not mentioned,N/A,30-09-2024,N/A,https://internship.aicte-india.org/internship-details.php?uid=SU5URVJOU0hJUEdPVl8xNzEwNTAxNzQ2NjVmNDJmNzI5ZWM1Nw==&level=Nw==
AICTE,INTERN FOR SOCIAL WORK IN 1068 GRAM PANCHAYATS OF DISTRICT- SHAHJAHANPUR,RURAL DEVELOPMENT,Start dateImmediately,Unpaid,Duration2 Months,Not mentioned,Full Time,Not mentioned,Not mentioned,All,Not mentioned,N/A,30-09-2024,N/A,https://internship.aicte-india.org/internship-details.php?uid=SU5URVJOU0hJUEdPVl8xNzEwNTA1NDk5NjVmNDNlMWJjMmRhZQ==&level=Nw==
AICTE,INTERN FOR CIVIL WORK IN 1068 GRAM PANCHAYATS OF DISTRICT- SHAHJAHANPUR,RURAL DEVELOPMENT,Start dateImmediately,Unpaid,Duration2 Months,Not mentioned,Full Time,Not mentioned,Not mentioned,All,Not mentioned,N/A,30-09-2024,N/A,https://internship.aicte-india.org/internship-details.php?uid=SU5URVJOU0hJUEdPVl8xNzEwNTA2MDc2NjVmNDQwNWNjZTM5MQ==&level=Nw==
AICTE,INTERNSHIP IN BLOCK SAIDPUR & GRAM VARIOUS WINGS OF RURAL DEVELOPMENT,RURAL DEVELOPMENT,Start dateImmediately,Unpaid,Duration2 Months,Not mentioned,Full Time,Not mentioned,Not mentioned,All,Not mentioned,N/A,30-03-2024,N/A,https://internship.aicte-india.org/internship-details.php?uid=SU5URVJOU0hJUEdPVl8xNzEwNTAzMTc1NjVmNDM1MDc0OGJiNA==&level=Nw==
AICTE,INTERNSHIP IN BLOCK VARACHVER & GRAM  RURAL DEVELOPMENT,RURAL DEVELOPMENT,Start dateImmediately,Unpaid,Duration2 Months,Not mentioned,Full Time,Not mentioned,Not mentioned,All,Not mentioned,N/A,30-03-2024,N/A,https://internship.aicte-india.org/internship-details.php?uid=SU5URVJOU0hJUEdPVl8xNzEwNTA1MjI4NjVmNDNkMGMwNTc1MQ==&level=Nw==
AICTE,DATA ENTRY OPT & ACCOUNTS ASSISTANT(INTERN),RURAL DEVELOPMENT,Start dateImmediately,Unpaid,Duration12 Months,Not mentioned,Full Time,Not mentioned,Not mentioned,All,INTERN,N/A,30-03-2024,N/A,https://internship.aicte-india.org/internship-details.php?uid=SU5URVJOU0hJUEdPVl8xNzEwNTA5NzcyNjVmNDRlY2NjYzc5Ng==&level=Nw==
AICTE,INTERN IN BLOCK SADAT & GRAM DATA ENTRY OPERATOR,RURAL DEVELOPMENT,Start dateImmediately,4000 /month,Duration12 Months,Not mentioned,Full Time,Not mentioned,Not mentioned,All,Not mentioned,N/A,31-03-2024,N/A,https://internship.aicte-india.org/internship-details.php?uid=SU5URVJOU0hJUEdPVl8xNzEwNTEwNzU0NjVmNDUyYTI0MTg3Mw==&level=Nw==
AICTE,INTERN IN BLOCK DEVKALI & GRAM IN VARIOUS FIELDS,RURAL DEVELOPMENT,Start dateImmediately,Unpaid,Duration12 Months,Not mentioned,Full Time,Not mentioned,Not mentioned,All,Not mentioned,N/A,03-04-2024,N/A,https://internship.aicte-india.org/internship-details.php?uid=SU5URVJOU0hJUEdPVl8xNzEwNTIwMDk5NjVmNDc3MjMzYjAyYw==&level=Nw==
AICTE,YOUR INTERNSHIP MAY TURN INTO A FULL TIME JOB OPPORTUNITY,UP GOVERNMENT RD,Start dateImmediately,Unpaid,Duration3 Months,Not mentioned,Full Time,Not mentioned,Not mentioned,All,Not mentioned,N/A,15-03-2024,N/A,https://internship.aicte-india.org/internship-details.php?uid=SU5URVJOU0hJUEdPVl8xNzEwNTAyMzExNjVmNDMxYTc5YjllMQ==&level=Nw==
AICTE,YOUR INTERNSHIP MAY TURN INTO A FULL TIME JOB OPPURTUNITY,UP GOVERNMENT RD,Start dateImmediately,Unpaid,Duration3 Months,Not mentioned,Full Time,Not mentioned,Not mentioned,All,Not mentioned,N/A,15-05-2024,N/A,https://internship.aicte-india.org/internship-details.php?uid=SU5URVJOU0hJUEdPVl8xNzEwNTA0MTgwNjVmNDM4ZjQzOGQ2MA==&level=Nw==
AICTE,"BLOCK- RAMNAGAR,BASTI, INTERNSHIP-  CIVIL WORKS",Rural Development,Start dateImmediately,Unpaid,Duration2 Months,Not mentioned,Full Time,Not mentioned,Not mentioned,All,Not mentioned,N/A,31-03-2024,N/A,https://internship.aicte-india.org/internship-details.php?uid=SU5URVJOU0hJUEdPVl8xNzEwNTg0NTQxNjVmNTcyZGQwMmFlZg==&level=Nw==
AICTE,"BLOCK- RAMNAGAR ,BASTI, INTERNSHIP-   COMPUTER OPERATOR",Rural Development,Start dateImmediately,Unpaid,Duration2 Months,Not mentioned,Full Time,Not mentioned,Not mentioned,All,Not mentioned,N/A,31-03-2024,N/A,https://internship.aicte-india.org/internship-details.php?uid=SU5URVJOU0hJUEdPVl8xNzEwNTg0ODQxNjVmNTc0MDliMDk2MA==&level=Nw==
AICTE,"BLOCK- HARRAIYA,BASTI, INTERNSHIP-  CIVIL WORKS",Rural Development,Start dateImmediately,Unpaid,Duration2 Months,Not mentioned,Full Time,Not mentioned,Not mentioned,All,Not mentioned,N/A,31-03-2024,N/A,https://internship.aicte-india.org/internship-details.php?uid=SU5URVJOU0hJUEdPVl8xNzEwNTg4MTA5NjVmNTgwY2QxY2EwZA==&level=Nw==
AICTE,"BLOCK- HARRAIYA ,BASTI, INTERNSHIP-  SOCIAL WORK",Rural Development,Start dateImmediately,Unpaid,Duration2 Months,Not mentioned,Full Time,Not mentioned,Not mentioned,All,Not mentioned,N/A,31-03-2024,N/A,https://internship.aicte-india.org/internship-details.php?uid=SU5URVJOU0hJUEdPVl8xNzEwNTg4MzUyNjVmNTgxYzBkOWY4YQ==&level=Nw==
AICTE,"BLOCK- HARRAIYA ,BASTI, INTERNSHIP-   COMPUTER OPERATOR",Rural Development,Start dateImmediately,Unpaid,Duration2 Months,Not mentioned,Full Time,Not mentioned,Not mentioned,All,Not mentioned,N/A,31-03-2024,N/A,https://internship.aicte-india.org/internship-details.php?uid=SU5URVJOU0hJUEdPVl8xNzEwNTg4NTc0NjVmNTgyOWVhY2JmYQ==&level=Nw==
AICTE,"BLOCK- HARRAIYA,,BASTI, INTERNSHIP- ASSISTANT ACCOUNTANT",Rural Development,Start dateImmediately,Unpaid,Duration2 Months,Not mentioned,Full Time,Not mentioned,Not mentioned,All,Not mentioned,N/A,31-03-2024,N/A,https://internship.aicte-india.org/internship-details.php?uid=SU5URVJOU0hJUEdPVl8xNzEwNTg4NzIzNjVmNTgzMzMzOGE4ZA==&level=Nw==
AICTE,"BLOCK- HARRAIYA,BASTI, INTERNSHIP-  PRODUCT MARKETING",Rural Development,Start dateImmediately,Unpaid,Duration2 Months,Not mentioned,Full Time,Not mentioned,Not mentioned,All,Not mentioned,N/A,31-03-2024,N/A,https://internship.aicte-india.org/internship-details.php?uid=SU5URVJOU0hJUEdPVl8xNzEwNTg4ODUwNjVmNTgzYjJiNzgzMA==&level=Nw==
AICTE,INTERN IN BLOCK VIRNO & GRAM PANCHAYAT,RURAL DEVELOPMENT,Start dateImmediately,Unpaid,Duration2 Months,Not mentioned,Full Time,Not mentioned,Not mentioned,All,Not mentioned,N/A,31-03-2024,N/A,https://internship.aicte-india.org/internship-details.php?uid=SU5URVJOU0hJUEdPVl8xNzEwNTcwOTI5NjVmNTNkYjFhMGMzOQ==&level=Nw==
AICTE,INTERN IN BLOCK KASIMABAD & PRAM PANCHAYAT IN VARIOUS FIELDS,RURAL DEVELOPMENT,Start dateImmediately,Unpaid,Duration2 Months,Not mentioned,Full Time,Not mentioned,Not mentioned,All,Not mentioned,N/A,31-03-2024,N/A,https://internship.aicte-india.org/internship-details.php?uid=SU5URVJOU0hJUEdPVl8xNzEwNTcxNTQ1NjVmNTQwMTllNTY3Ng==&level=Nw==
AICTE,INTERN IN BLOCK BHADAURA & GRAM PANCHAYAT IN VARIOUS FIELDS,RURAL DEVELOPMENT,Start dateImmediately,Unpaid,Duration2 Months,Not mentioned,Full Time,Not mentioned,Not mentioned,All,Not mentioned,N/A,31-03-2024,N/A,https://internship.aicte-india.org/internship-details.php?uid=SU5URVJOU0hJUEdPVl8xNzEwNTcxOTY1NjVmNTQxYmRkZjkzNg==&level=Nw==
AICTE,INTERN IN BLOCK BHAWARKOL & GRAM PANCHAYAT IN VARIOUS FIELDS,RURAL DEVELOPMENT,Start dateImmediately,Unpaid,Duration2 Months,Not mentioned,Full Time,Not mentioned,Not mentioned,All,Not mentioned,N/A,31-03-2024,N/A,https://internship.aicte-india.org/internship-details.php?uid=SU5URVJOU0hJUEdPVl8xNzEwNTcyMjk2NjVmNTQzMDhkNjBlNQ==&level=Nw==
AICTE,INTERN IN BLOCK SADAR & GRAM PANCHAYAT IN VARIOUS FIELDS,RURAL DEVELOPMENT,Start dateImmediately,Unpaid,Duration2 Months,Not mentioned,Full Time,Not mentioned,Not mentioned,All,Not mentioned,N/A,31-03-2024,N/A,https://internship.aicte-india.org/internship-details.php?uid=SU5URVJOU0hJUEdPVl8xNzEwNTcyNjY2NjVmNTQ0N2FkMzJjOQ==&level=Nw==
AICTE,INTERN IN BLOCK JAKHANIA & GRAM PANCHAYAT IN VARIOUS FIELDS,RURAL DEVELOPMENT,Start dateImmediately,Unpaid,Duration2 Months,Not mentioned,Full Time,Not mentioned,Not mentioned,All,Not mentioned,N/A,31-03-2024,N/A,https://internship.aicte-india.org/internship-details.php?uid=SU5URVJOU0hJUEdPVl8xNzEwNTcyOTUyNjVmNTQ1OThiMzk4OQ==&level=Nw==
AICTE,INTERN IN BLOCK KARANDA & GRAM PANCHAYAT,RURAL DEVELOPMENT,Start dateImmediately,Unpaid,Duration2 Months,Not mentioned,Full Time,Not mentioned,Not mentioned,All,Not mentioned,N/A,31-03-2024,N/A,https://internship.aicte-india.org/internship-details.php?uid=SU5URVJOU0hJUEdPVl8xNzEwNTczMTIxNjVmNTQ2NDE5YWYwMw==&level=Nw==
AICTE,INTERN IN BLOCK MANIHARI & GRAM PANCHAYAT IN VARIOUS FIELDS,RURAL DEVELOPMENT,Start dateImmediately,Unpaid,Duration2 Months,Not mentioned,Full Time,Not mentioned,Not mentioned,All,Not mentioned,N/A,31-03-2024,N/A,https://internship.aicte-india.org/internship-details.php?uid=SU5URVJOU0hJUEdPVl8xNzEwNTczMjczNjVmNTQ2ZDk4MzRlMw==&level=Nw==
AICTE,INTERN IN BLOCK MARDAH & GRAM PANCHAYAT IN VARIOUS FIELDS,RURAL DEVELOPMENT,Start dateImmediately,Unpaid,Duration2 Months,Not mentioned,Full Time,Not mentioned,Not mentioned,All,Not mentioned,N/A,31-03-2024,N/A,https://internship.aicte-india.org/internship-details.php?uid=SU5URVJOU0hJUEdPVl8xNzEwNTc2MTYyNjVmNTUyMjI3YTJiNA==&level=Nw==
AICTE,INTERN IN BLOCK MUHAMMADABAD & GRAM IN VARIOUS FIELDS,RURAL DEVELOPMENT,Start dateImmediately,Unpaid,Duration2 Months,Not mentioned,Full Time,Not mentioned,Not mentioned,All,Not mentioned,N/A,31-03-2024,N/A,https://internship.aicte-india.org/internship-details.php?uid=SU5URVJOU0hJUEdPVl8xNzEwNTc2MzA1NjVmNTUyYjEyZjZlNQ==&level=Nw==
AICTE,INTERN IN BLOCK REOTIPUR & GRAM IN VARIOUS FIELDS,RURAL DEVELOPMENT,Start dateImmediately,Unpaid,Duration2 Months,Not mentioned,Full Time,Not mentioned,Not mentioned,All,Not mentioned,N/A,31-03-2024,N/A,https://internship.aicte-india.org/internship-details.php?uid=SU5URVJOU0hJUEdPVl8xNzEwNTc3MDc3NjVmNTU1YjU5MzYxNQ==&level=Nw==
AICTE,INTERN IN BLOCK ZAMANIA & GRAM IN VARIOUS FIELDS,RURAL DEVELOPMENT,Start dateImmediately,Unpaid,Duration2 Months,Not mentioned,Full Time,Not mentioned,Not mentioned,All,Not mentioned,N/A,31-03-2024,N/A,https://internship.aicte-india.org/internship-details.php?uid=SU5URVJOU0hJUEdPVl8xNzEwNTc3MjE5NjVmNTU2NDMwYzU3Ng==&level=Nw==
AICTE,INTERN FOR SELF EMPLOYMENT PROGRAM,rural depleopment,Start dateImmediately,Unpaid,Duration3 Months,Not mentioned,Full Time,Not mentioned,Not mentioned,All,Not mentioned,N/A,31-03-2024,N/A,https://internship.aicte-india.org/internship-details.php?uid=SU5URVJOU0hJUEdPVl8xNzEwNTgwNjYwNjVmNTYzYjRhMDYwMQ==&level=Nw==
AICTE,INTERN FOR SELF EMPLOYMENT PROGRAM,RURAL DEVLOPMENT,Start dateImmediately,Unpaid,Duration3 Months,Not mentioned,Full Time,Not mentioned,Not mentioned,All,Not mentioned,N/A,31-03-2024,N/A,https://internship.aicte-india.org/internship-details.php?uid=SU5URVJOU0hJUEdPVl8xNzEwNTc1NDY5NjVmNTRmNmRiMTNiOA==&level=Nw==
AICTE,INTERN FOR SELF EMPLOYMENT PROGRAM,RURAL DEVELOPMENT,Start dateImmediately,Unpaid,Duration3 Months,Not mentioned,Full Time,Not mentioned,Not mentioned,All,Not mentioned,N/A,15-04-2024,N/A,https://internship.aicte-india.org/internship-details.php?uid=SU5URVJOU0hJUEdPVl8xNzEwNTgzNTExNjVmNTZlZDcxYTVkZg==&level=Nw==
AICTE,INTERN FOR SELF EMPLOYMENT PROGRAM,RURAL DEVELOPMENT,Start dateImmediately,Unpaid,Duration3 Months,Not mentioned,Full Time,Not mentioned,Not mentioned,All,Not mentioned,N/A,16-04-2024,N/A,https://internship.aicte-india.org/internship-details.php?uid=SU5URVJOU0hJUEdPVl8xNzEwNTg1MjA3NjVmNTc1NzcxYWYyYQ==&level=Nw==
AICTE,INTERNSHIP IN RURAL DEVELOPMENT PROGRAMME,Rural Development,Start dateImmediately,Unpaid,Duration3 Months,Not mentioned,Full Time,Not mentioned,Not mentioned,All,Not mentioned,N/A,16-04-2024,N/A,https://internship.aicte-india.org/internship-details.php?uid=SU5URVJOU0hJUEdPVl8xNzEwNTc1NjU4NjVmNTUwMmFiY2JhOQ==&level=Nw==
AICTE,INTERNSHIP IN RURAL DEVELOPMENT PROGRAMME,Rural Development,Start dateImmediately,Unpaid,Duration3 Months,Not mentioned,Full Time,Not mentioned,Not mentioned,All,Not mentioned,N/A,16-04-2024,N/A,https://internship.aicte-india.org/internship-details.php?uid=SU5URVJOU0hJUEdPVl8xNzEwNTc1MjY2NjVmNTRlYTJlMGJmYg==&level=Nw==
AICTE,INTERNSHIP IN RURAL DEVELOPMENT PROGRAMME,Rural Development,Start dateImmediately,Unpaid,Duration3 Months,Not mentioned,Full Time,Not mentioned,Not mentioned,All,Not mentioned,N/A,16-04-2024,N/A,https://internship.aicte-india.org/internship-details.php?uid=SU5URVJOU0hJUEdPVl8xNzEwNTc2MzUxNjVmNTUyZGY1YTgwNA==&level=Nw==
AICTE,INTERNSHIP IN RURAL DEVELOPMENT PROGRAMME,Rural Development,Start dateImmediately,Unpaid,Duration3 Months,Not mentioned,Full Time,Not mentioned,Not mentioned,All,Not mentioned,N/A,16-04-2024,N/A,https://internship.aicte-india.org/internship-details.php?uid=SU5URVJOU0hJUEdPVl8xNzEwNTc2OTA5NjVmNTU1MGQwNDQwZQ==&level=Nw==
AICTE,INTERNSHIP IN RURAL DEVELOPMENT PROGRAMME,Rural Development,Start dateImmediately,Unpaid,Duration03 Months,Not mentioned,Full Time,Not mentioned,Not mentioned,All,Not mentioned,N/A,16-04-2024,N/A,https://internship.aicte-india.org/internship-details.php?uid=SU5URVJOU0hJUEdPVl8xNzEwNTc3MjE5NjVmNTU2NDM0OGE5ZQ==&level=Nw==
AICTE,INTERNSHIP IN RURAL DEVELOPMENT PROGRAMME,Rural Development,Start dateImmediately,Unpaid,Duration3 Months,Not mentioned,Full Time,Not mentioned,Not mentioned,All,Not mentioned,N/A,16-04-2024,N/A,https://internship.aicte-india.org/internship-details.php?uid=SU5URVJOU0hJUEdPVl8xNzEwNTc3NTE5NjVmNTU3NmY1ZjQyMA==&level=Nw==
AICTE,INTERNSHIP IN RURAL DEVELOPMENT PROGRAMME,Rural Development,Start dateImmediately,Unpaid,Duration03 Months,Not mentioned,Full Time,Not mentioned,Not mentioned,All,Not mentioned,N/A,16-04-2024,N/A,https://internship.aicte-india.org/internship-details.php?uid=SU5URVJOU0hJUEdPVl8xNzEwNTc3OTc5NjVmNTU5M2I0OTZkYg==&level=Nw==
AICTE,INTERNSHIP IN RURAL DEVELOPMENT PROGRAMME,Rural Development,Start dateImmediately,Unpaid,Duration03 Months,Not mentioned,Full Time,Not mentioned,Not mentioned,All,Not mentioned,N/A,16-04-2024,N/A,https://internship.aicte-india.org/internship-details.php?uid=SU5URVJOU0hJUEdPVl8xNzEwNTc4Mjk0NjVmNTVhNzY1YjJlMA==&level=Nw==
AICTE,INTERNSHIP IN RURAL DEVELOPMENT PROGRAMME,Rural Development,Start dateImmediately,Unpaid,Duration03 Months,Not mentioned,Full Time,Not mentioned,Not mentioned,All,Not mentioned,N/A,16-04-2024,N/A,https://internship.aicte-india.org/internship-details.php?uid=SU5URVJOU0hJUEdPVl8xNzEwNTc4NTcyNjVmNTViOGM4Y2RhNQ==&level=Nw==
AICTE,INTERN FOR SELF EMPLOYMENT PROGRAM,RURAL DEVELOPMENT,Start dateImmediately,Unpaid,Duration3 Months,Not mentioned,Full Time,Not mentioned,Not mentioned,All,Not mentioned,N/A,31-03-2024,N/A,https://internship.aicte-india.org/internship-details.php?uid=SU5URVJOU0hJUEdPVl8xNzEwNTc4NjE2NjVmNTViYjhjY2RkYg==&level=Nw==
AICTE,INTERNSHIP IN RURAL DEVELOPMENT PROGRAMME,Rural Development,Start dateImmediately,Unpaid,Duration3 Months,Not mentioned,Full Time,Not mentioned,Not mentioned,All,Not mentioned,N/A,16-04-2024,N/A,https://internship.aicte-india.org/internship-details.php?uid=SU5URVJOU0hJUEdPVl8xNzEwNTc4ODExNjVmNTVjN2I2YzJiNg==&level=Nw==
AICTE,"BLOCK BASKHARI, DISTICT AMBEDKAR NAGAR COMPUTER OPERATOR",Rural Development Department,Start dateImmediately,Unpaid,Duration2 Months,Not mentioned,Full Time,Not mentioned,Not mentioned,All,Not mentioned,N/A,02-04-2024,N/A,https://internship.aicte-india.org/internship-details.php?uid=SU5URVJOU0hJUEdPVl8xNzEwNTgxMDUyNjVmNTY1M2M4MTVkOA==&level=Nw==
AICTE,"BLOCK BASKHARI , DISTICT AMBEDKAR NAGAR CIVIL WORKS",Rural Development Department,Start dateImmediately,Unpaid,Duration2 Months,Not mentioned,Full Time,Not mentioned,Not mentioned,All,Not mentioned,N/A,02-04-2024,N/A,https://internship.aicte-india.org/internship-details.php?uid=SU5URVJOU0hJUEdPVl8xNzEwNTgzMDgxNjVmNTZkMjk5YmRmZA==&level=Nw==
AICTE,PRATIBHA,Rural Development,Start dateImmediately,Unpaid,Duration12 Months,Not mentioned,Full Time,Not mentioned,Not mentioned,All,Not mentioned,N/A,31-07-2024,N/A,https://internship.aicte-india.org/internship-details.php?uid=SU5URVJOU0hJUEdPVl8xNzEwNTg1Nzg0NjVmNTc3YjhjMGU4MQ==&level=Nw==
AICTE,BLOCK -DEWA DISTRICT-BARABANKI UP-INTERNSHIP -CIVIL WORK,RURAL DEVELOPMENT,Start dateImmediately,Unpaid,Duration2Months,Not mentioned,Full Time,Not mentioned,Not mentioned,All,Not mentioned,N/A,31-03-2024,N/A,https://internship.aicte-india.org/internship-details.php?uid=SU5URVJOU0hJUEdPVl8xNzEwNTc5ODQ0NjVmNTYwODRlNzZmMg==&level=Nw==
AICTE,BLOCK -DEWA DISTRICT-BARABANKI UP-INTERNSHIP -COMPUTER OPERATOR,RURAL DEVELOPMENT,Start dateImmediately,Unpaid,Duration2 Months,Not mentioned,Full Time,Not mentioned,Not mentioned,All,Not mentioned,N/A,31-03-2024,N/A,https://internship.aicte-india.org/internship-details.php?uid=SU5URVJOU0hJUEdPVl8xNzEwNTgzODA0NjVmNTZmZmM5YWQyNg==&level=Nw==
AICTE,DISTRICT BARABANKI POST OPERATOR,RURAL DEVELOPMENT,Start dateImmediately,Unpaid,Duration2 Months,Not mentioned,Full Time,Not mentioned,Not mentioned,All,Not mentioned,N/A,31-03-2024,N/A,https://internship.aicte-india.org/internship-details.php?uid=SU5URVJOU0hJUEdPVl8xNzEwNTgyMjI4NjVmNTY5ZDQyZGI4NQ==&level=Nw==
AICTE,BLOCK DARIYABAD DISTRICT BARABANKI MGNREGA ACCOUNTANT,RURAL DEVELOPMENT,Start dateImmediately,Unpaid,Duration2 Months,Not mentioned,Full Time,Not mentioned,Not mentioned,All,Not mentioned,N/A,31-03-2024,N/A,https://internship.aicte-india.org/internship-details.php?uid=SU5URVJOU0hJUEdPVl8xNzEwNTc5ODE3NjVmNTYwNjlhMDhhYg==&level=Nw==
AICTE,BLOCK -HAIDERGARH- DISTRICT BARABANKI POST COMPUTER OPERATOR,RURAL DEVELOPMENT,Start dateImmediately,Unpaid,Duration2 Months,Not mentioned,Full Time,Not mentioned,Not mentioned,All,Not mentioned,N/A,30-03-2024,N/A,https://internship.aicte-india.org/internship-details.php?uid=SU5URVJOU0hJUEdPVl8xNzEwNTc2MzAwNjVmNTUyYWM1ZDQ2Ng==&level=Nw==
AICTE,BLOCK -HAIDERGARH- DISTRICT BARABANKI POST CIVIL WORK,RURAL DEVELOPMENT,Start dateImmediately,Unpaid,Duration2 Months,Not mentioned,Full Time,Not mentioned,Not mentioned,All,Not mentioned,N/A,30-03-2024,N/A,https://internship.aicte-india.org/internship-details.php?uid=SU5URVJOU0hJUEdPVl8xNzEwNTc4MjQ1NjVmNTVhNDVhODBmNg==&level=Nw==
AICTE,BLOCK SIDDHAUR DISTRICT BARABANKI POST COMPUTER OPERATOR,RURAL DEVELOPMENT,Start dateImmediately,Unpaid,Duration2 Months,Not mentioned,Full Time,Not mentioned,Not mentioned,All,Not mentioned,N/A,31-03-2024,N/A,https://internship.aicte-india.org/internship-details.php?uid=SU5URVJOU0hJUEdPVl8xNzEwNTc2NDgxNjVmNTUzNjExMGYwMw==&level=Nw==
AICTE,"BLOCK- RAMNAGAR ,DISTRICT-BARABANKI UP  INTRNSHIP- CO-OPERATOR",RURAL DEVELOPMENT,Start dateImmediately,Unpaid,Duration2 Months,Not mentioned,Full Time,Not mentioned,Not mentioned,All,Not mentioned,N/A,31-03-2004,N/A,https://internship.aicte-india.org/internship-details.php?uid=SU5URVJOU0hJUEdPVl8xNzEwNTgwNTA5NjVmNTYzMWQyMmQ2Yw==&level=Nw==
AICTE,BLOCK SIRAULIGAUSPUR DISTRICT BARABANKI UP INTRNSHIP CO-OPERATOR,RURAL DEVELOPMENT,Start dateImmediately,Unpaid,Duration2 Months,Not mentioned,Full Time,Not mentioned,Not mentioned,All,Not mentioned,N/A,16-03-2024,N/A,https://internship.aicte-india.org/internship-details.php?uid=SU5URVJOU0hJUEdPVl8xNzEwNTgzMjI3NjVmNTZkYmIzODMxZg==&level=Nw==
AICTE,COMPUTER OPERATOR CUM DATA ENTRY INTERNS,RURAL DEVELOPMENT,Start dateImmediately,Unpaid,Duration2 Months,Not mentioned,Full Time,Not mentioned,Not mentioned,All,Not mentioned,N/A,31-03-2024,N/A,https://internship.aicte-india.org/internship-details.php?uid=SU5URVJOU0hJUEdPVl8xNzEwNTgxNDAxNjVmNTY2OTkxOWNmMA==&level=Nw==
AICTE,CIVIL WORKS,RURAL DEVELOPMENT,Start dateImmediately,Unpaid,Duration2 Months,Not mentioned,Full Time,Not mentioned,Not mentioned,All,Not mentioned,N/A,31-03-2024,N/A,https://internship.aicte-india.org/internship-details.php?uid=SU5URVJOU0hJUEdPVl8xNzEwNTg1MDY0NjVmNTc0ZTgxM2YxOA==&level=Nw==
AICTE,BLOCK-PUREDALHI-BARABANKI-UP-INTERNSHIP-COMPUTER OPERATAOR,RURAL DEVELOPMENT,Start dateImmediately,Unpaid,Duration2 Months,Not mentioned,Full Time,Not mentioned,Not mentioned,All,Not mentioned,N/A,31-03-2024,N/A,https://internship.aicte-india.org/internship-details.php?uid=SU5URVJOU0hJUEdPVl8xNzEwNTc3NzExNjVmNTU4MmY2Y2JkOA==&level=Nw==
AICTE,BLOCK PUREDALHI-BARABANKI-UP-INTERNSHIP-TECHNICAL INTERN,RURAL DEVELOPMENT,Start dateImmediately,Unpaid,Duration2 Months,Not mentioned,Full Time,Not mentioned,Not mentioned,All,Not mentioned,N/A,31-03-2024,N/A,https://internship.aicte-india.org/internship-details.php?uid=SU5URVJOU0hJUEdPVl8xNzEwNTc5MzQzNjVmNTVlOGZhZmQ2YQ==&level=Nw==
AICTE,BLOCK SURATGANJ DISTRICT BARABANKI UP INTRNSHIP- COMPUTER OPERATOR,RURAL DEVELOPMENT,Start dateImmediately,Unpaid,Duration2 months,Not mentioned,Full Time,Not mentioned,Not mentioned,All,Not mentioned,N/A,31-03-2024,N/A,https://internship.aicte-india.org/internship-details.php?uid=SU5URVJOU0hJUEdPVl8xNzEwNTc1MDU2NjVmNTRkZDBlYWMwMw==&level=Nw==
AICTE,DISRICT KHERI BLOCK BIJUWA COMPUTER OPERATOR CUM DATA ENTRY INTERNS,RURAL DEVELOPMENT,Start dateImmediately,Unpaid,Duration3 Months,Not mentioned,Full Time,Not mentioned,Not mentioned,All,Not mentioned,N/A,25-04-2024,N/A,https://internship.aicte-india.org/internship-details.php?uid=SU5URVJOU0hJUEdPVl8xNzEwNTc4OTQ5NjVmNTVkMDUwOTE2ZQ==&level=Nw==
AICTE,DISTRICT KHERI BLOCK BIJUWA  ASSISITENT  ACCOUNTENT,RURAL DEVELOPMENT,Start dateImmediately,Unpaid,Duration3 Months,Not mentioned,Full Time,Not mentioned,Not mentioned,All,Not mentioned,N/A,25-04-2024,N/A,https://internship.aicte-india.org/internship-details.php?uid=SU5URVJOU0hJUEdPVl8xNzEwNTc5MzQyNjVmNTVlOGUzODA0ZQ==&level=Nw==
AICTE,DISTRICT KHERI BLOCK BIJUWA TECHINICAL ASSISITENT,RURAL DEVELOPMENT,Start dateImmediately,Unpaid,Duration3 Months,Not mentioned,Full Time,Not mentioned,Not mentioned,All,Not mentioned,N/A,25-04-2024,N/A,https://internship.aicte-india.org/internship-details.php?uid=SU5URVJOU0hJUEdPVl8xNzEwNTc5NjQ2NjVmNTVmYmUxODFjMA==&level=Nw==
AICTE,BLOCK- TRIVEDIGANJ DISTRICT BARABANKI UP  INTRNSHIP- CO-OPERATOR,RURAL DEVELOPMENT,Start dateImmediately,Unpaid,Duration2 Months,Not mentioned,Full Time,Not mentioned,Not mentioned,All,Not mentioned,N/A,31-03-2024,N/A,https://internship.aicte-india.org/internship-details.php?uid=SU5URVJOU0hJUEdPVl8xNzEwNTc5OTE5NjVmNTYwY2Y3YmNmMg==&level=Nw==
AICTE,DISTRICT KHERI BLOCK PALIYA  COMPUTER OPERATOR CUM DATA ENTRY INTERNS,RURAL DEVELOPMENT,Start dateImmediately,Unpaid,Duration6 Months,Not mentioned,Full Time,Not mentioned,Not mentioned,All,Not mentioned,N/A,30-04-2024,N/A,https://internship.aicte-india.org/internship-details.php?uid=SU5URVJOU0hJUEdPVl8xNzEwNTc0NzY5NjVmNTRjYjE2NDZlYw==&level=Nw==
AICTE,DISTRICT KHERI BLOCK PALIYA TECHNICAL ASSISTANT,RURAL DEVELOPMENT,Start dateImmediately,Unpaid,Duration6 Months,Not mentioned,Full Time,Not mentioned,Not mentioned,All,Not mentioned,N/A,30-04-2024,N/A,https://internship.aicte-india.org/internship-details.php?uid=SU5URVJOU0hJUEdPVl8xNzEwNTc3Njk5NjVmNTU4MjMzZDYwZA==&level=Nw==
AICTE,DISTRICT KHERI BLOCK PALIYA  ASSISTANT ACCOUNTANT,RURAL DEVELOPMENT,Start dateImmediately,Unpaid,Duration6 Months,Not mentioned,Full Time,Not mentioned,Not mentioned,All,Not mentioned,N/A,30-04-2024,N/A,https://internship.aicte-india.org/internship-details.php?uid=SU5URVJOU0hJUEdPVl8xNzEwNTc4MDYwNjVmNTU5OGNjNmRlMg==&level=Nw==
AICTE,BLOCK-BANIKODAR-BARABANKI-UP-INTERNSHIP-COMPUTER OPERATOR,RURAL DEVELOPMENT,Start dateImmediately,Unpaid,Duration2 Months,Not mentioned,Full Time,Not mentioned,Not mentioned,All,Not mentioned,N/A,31-03-2024,N/A,https://internship.aicte-india.org/internship-details.php?uid=SU5URVJOU0hJUEdPVl8xNzEwNTgwNDg2NjVmNTYzMDY0ZjRmMQ==&level=Nw==
AICTE,BLOCK-BANIKODAR-BARBANKI UP-TECHNICAL INTERN,RURAL DEVELOPMENT,Start dateImmediately,Unpaid,Duration2 Months,Not mentioned,Full Time,Not mentioned,Not mentioned,All,Not mentioned,N/A,31-03-2024,N/A,https://internship.aicte-india.org/internship-details.php?uid=SU5URVJOU0hJUEdPVl8xNzEwNTgxMDA5NjVmNTY1MTE1ZjI2MA==&level=Nw==
AICTE,"DISTRICT - KHERI, BLOCK- MOHAMMDI,ASSISTANT ACCOUNTANT",Block Devlopment Office,Start dateImmediately,Unpaid,Duration2 Months,Not mentioned,Full Time,Not mentioned,Not mentioned,All,Not mentioned,N/A,15-04-2024,N/A,https://internship.aicte-india.org/internship-details.php?uid=SU5URVJOU0hJUEdPVl8xNzEwNTgyMDg2NjVmNTY5NDYwZTQwYQ==&level=Nw==
AICTE,"DISTRICT - KHERI, BLOCK- MOHAMMDI,,COMPUTER OPERATOR CUM DATA ENTRY INTERNS",Block Devlopment Office,Start dateImmediately,Unpaid,Duration2 Months,Not mentioned,Full Time,Not mentioned,Not mentioned,All,Not mentioned,N/A,15-04-2024,N/A,https://internship.aicte-india.org/internship-details.php?uid=SU5URVJOU0hJUEdPVl8xNzEwNTgyNjk2NjVmNTZiYThkZTFhMg==&level=Nw==
AICTE,"DISTRICT - KHERI, BLOCK- MOHAMMDI,TECHNICAL ASSISTANT FOR CIVIL ENGINEERING",Block Devlopment Office,Start dateImmediately,Unpaid,Duration2 Months,Not mentioned,Full Time,Not mentioned,Not mentioned,All,Not mentioned,N/A,15-04-2024,N/A,https://internship.aicte-india.org/internship-details.php?uid=SU5URVJOU0hJUEdPVl8xNzEwNTgzMTAyNjVmNTZkM2ViYTE0Ng==&level=Nw==
AICTE,INTERN FOR RURAL DEVELOPMENT BLOCK DAKOR JALAUN UTTAR PRADESH,RURAL DEVELOPMENT BLOCK DAKOR,Start dateImmediately,Unpaid,Duration3 Months,Not mentioned,Full Time,Not mentioned,Not mentioned,All,Not mentioned,N/A,31-03-2024,N/A,https://internship.aicte-india.org/internship-details.php?uid=SU5URVJOU0hJUEdPVl8xNzEwNTg0NTIwNjVmNTcyYzgyZGVjYw==&level=Nw==
AICTE,INTERN FOR RURAL DEVELOPMENT BLOCK JALAUN DISTT JALAUN UTTAR PRADESH,RURAL DEVELOPMENT BLOCK JALAUN,Start dateImmediately,Unpaid,Duration3 Months,Not mentioned,Full Time,Not mentioned,Not mentioned,All,Not mentioned,N/A,31-03-2024,N/A,https://internship.aicte-india.org/internship-details.php?uid=SU5URVJOU0hJUEdPVl8xNzEwNTg1MDE2NjVmNTc0YjgxNGQyOQ==&level=Nw==
AICTE,INTERN FOR RURAL DEVELPOMENT BLOCK KADAURA JALAUN UTTAR PRADESH,RURAL DEVELOPMENT BLOCK KADAURA,Start dateImmediately,Unpaid,Duration3 Months,Not mentioned,Full Time,Not mentioned,Not mentioned,All,Not mentioned,N/A,31-03-2024,N/A,https://internship.aicte-india.org/internship-details.php?uid=SU5URVJOU0hJUEdPVl8xNzEwNTgzNzMwNjVmNTZmYjIyMWMxMw==&level=Nw==
AICTE,COMPUTER OPERATOR,RURAL DEVELOPMENT,Start dateImmediately,Unpaid,Duration6 Months,Not mentioned,Full Time,Not mentioned,Not mentioned,All,Not mentioned,N/A,16-03-2024,N/A,https://internship.aicte-india.org/internship-details.php?uid=SU5URVJOU0hJUEdPVl8xNzEwNTgxNjc5NjVmNTY3YWZlNDAzOQ==&level=Nw==
AICTE,DISTRICT KHERI BLOCK NAKAHA TECHNICAL ASSISTANT FOR CIVIL ENGINEERING,RURAL DEVLOPMENT UTTAR PRADESH,Start dateImmediately,Unpaid,Duration2 Months,Not mentioned,Full Time,Not mentioned,Not mentioned,All,Not mentioned,N/A,15-04-2024,N/A,https://internship.aicte-india.org/internship-details.php?uid=SU5URVJOU0hJUEdPVl8xNzEwNTczMDgyNjVmNTQ2MWEyYjIxNw==&level=Nw==
AICTE,DISTRICT KHERI BLOCK NAKAHA COMPUTER OPERATOR CUM DATA ENTRY INTERNS,RURAL DEVLOPMENT UTTAR PRADESH,Start dateImmediately,Unpaid,Duration2 Months,Not mentioned,Full Time,Not mentioned,Not mentioned,All,Not mentioned,N/A,15-04-2024,N/A,https://internship.aicte-india.org/internship-details.php?uid=SU5URVJOU0hJUEdPVl8xNzEwNTc0MTY5NjVmNTRhNTkzMDJhYw==&level=Nw==
AICTE,DISTRICT KHERI BLOCK NAKAHA ACCOUNTING AND FINANCE INTERNSHIP PROGRAMME,RURAL DEVLOPMENT UTTAR PRADESH,Start dateImmediately,Unpaid,Duration2 Months,Not mentioned,Full Time,Not mentioned,Not mentioned,All,Not mentioned,N/A,15-04-2025,N/A,https://internship.aicte-india.org/internship-details.php?uid=SU5URVJOU0hJUEdPVl8xNzEwNTc1NDMyNjVmNTRmNDgwMjUxYg==&level=Nw==
AICTE,BLOCK,RURAL DEVELOPMENT,Start dateImmediately,Unpaid,Duration3 Months,Not mentioned,Full Time,Not mentioned,Not mentioned,All,Not mentioned,N/A,12-06-2024,N/A,https://internship.aicte-india.org/internship-details.php?uid=SU5URVJOU0hJUEdPVl8xNzEwNTgwMjA2NjVmNTYxZWU2Y2FlNA==&level=Nw==
AICTE,BLOCK-MASAULI DISTRICT-BARABANKI UP  INTRNSHIP- CO-OPERATOR,RURAL DEVELOPMENT,Start dateImmediately,Unpaid,Duration3 Months,Not mentioned,Full Time,Not mentioned,Not mentioned,All,Not mentioned,N/A,08-06-2024,N/A,https://internship.aicte-india.org/internship-details.php?uid=SU5URVJOU0hJUEdPVl8xNzEwNTgxMjU5NjVmNTY2MGJiZmExYQ==&level=Nw==
AICTE,DISTRICT KHERI BLOCK BEJHAM  ACCOUNT,RURAL DEVLOPMENT UTTAR PRADESH,Start dateImmediately,Unpaid,Duration2 Months,Not mentioned,Full Time,Not mentioned,Not mentioned,All,Not mentioned,N/A,15-04-2024,N/A,https://internship.aicte-india.org/internship-details.php?uid=SU5URVJOU0hJUEdPVl8xNzEwNTc2MzE1NjVmNTUyYmIwZGYzZQ==&level=Nw==
AICTE,DISTRICT KHERI BLOCK BEJHAM TECHNICAL CIVIL,RURAL DEVLOPMENT UTTAR PRADESH,Start dateImmediately,Unpaid,Duration2 Months,Not mentioned,Full Time,Not mentioned,Not mentioned,All,Not mentioned,N/A,15-04-2024,N/A,https://internship.aicte-india.org/internship-details.php?uid=SU5URVJOU0hJUEdPVl8xNzEwNTc2NjE5NjVmNTUzZWIxNGE2Yw==&level=Nw==
AICTE,DISTRICT KHERI BLOCK BEJHAM COMPUTER OPERATOR CUM DATA ENTRY INTERNS,RURAL DEVLOPMENT UTTAR PRADESH,Start dateImmediately,Unpaid,Duration2 Months,Not mentioned,Full Time,Not mentioned,Not mentioned,All,Not mentioned,N/A,15-04-2024,N/A,https://internship.aicte-india.org/internship-details.php?uid=SU5URVJOU0hJUEdPVl8xNzEwNTc3MDE1NjVmNTU1Nzc4NjhmMQ==&level=Nw==
AICTE,INTERN FOR RURAL DEVELOPMENT BLOCK MAHEWA JALAUN UTTAR PRADESH,RURAL DEVELOPMENT BLOCK MAHEWA,Start dateImmediately,Unpaid,Duration3 Months,Not mentioned,Full Time,Not mentioned,Not mentioned,All,Not mentioned,N/A,31-03-2024,N/A,https://internship.aicte-india.org/internship-details.php?uid=SU5URVJOU0hJUEdPVl8xNzEwNTgzOTY5NjVmNTcwYTE4NzM2YQ==&level=Nw==
AICTE,DISTRICT KHERI BLOCK DHAURAHRA IN COMPUTER OPRETER CUM DATA ENTRY INTERNS,Block Dhaurahra,Start dateImmediately,Unpaid,Duration2 Months,Not mentioned,Full Time,Not mentioned,Not mentioned,All,Not mentioned,N/A,15-04-2024,N/A,https://internship.aicte-india.org/internship-details.php?uid=SU5URVJOU0hJUEdPVl8xNzEwNTg3NzkxNjVmNTdmOGY1MDczNQ==&level=Nw==
AICTE,DISTRICT KHERI BLOCK DHAURAHRA IN ASSISTANT ACCOUNTANT,Block Dhaurahra,Start dateImmediately,Unpaid,Duration2 Months,Not mentioned,Full Time,Not mentioned,Not mentioned,All,Not mentioned,N/A,15-04-2024,N/A,https://internship.aicte-india.org/internship-details.php?uid=SU5URVJOU0hJUEdPVl8xNzEwNTg5NDI4NjVmNTg1ZjQ1Zjc3Ng==&level=Nw==
AICTE,DISTRICT KHERI BLOCK DHAURAHRA IN TECHNICAL ASSISTANT FOR CIVIL ENGINEERING,Block Dhaurahra,Start dateImmediately,Unpaid,Duration2 Months,Not mentioned,Full Time,Not mentioned,Not mentioned,All,Not mentioned,N/A,15-04-2024,N/A,https://internship.aicte-india.org/internship-details.php?uid=SU5URVJOU0hJUEdPVl8xNzEwNTkwMzcxNjVmNTg5YTNiNDY5NQ==&level=Nw==
AICTE,DISTRICT KHERI BLOCK LAKHIMPUR IN COMPUTER OPERATOR CUM DATA ENTRY INTERNS,Rural Development Department,Start dateImmediately,Unpaid,Duration2 Months,Not mentioned,Full Time,Not mentioned,Not mentioned,All,Not mentioned,N/A,15-04-2024,N/A,https://internship.aicte-india.org/internship-details.php?uid=SU5URVJOU0hJUEdPVl8xNzEwNTY4Mjc5NjVmNTMzNTdhOTNlZg==&level=Nw==
AICTE,DISTRICT KHERI BLOCK LAKHIMPUR IN TECHNICAL ASSISTANT FOR CIVIL ENGINEERING,Rural Development Department,Start dateImmediately,Unpaid,Duration2 Months,Not mentioned,Full Time,Not mentioned,Not mentioned,All,Not mentioned,N/A,15-04-2024,N/A,https://internship.aicte-india.org/internship-details.php?uid=SU5URVJOU0hJUEdPVl8xNzEwNTcxNDYzNjVmNTNmYzcyYzA2NQ==&level=Nw==
AICTE,DISTRICT KHERI BLOCK LAKHIMPUR IN ASSISTANT ACCOUNTANT,Rural Development Department,Start dateImmediately,Unpaid,Duration2 Months,Not mentioned,Full Time,Not mentioned,Not mentioned,All,Not mentioned,N/A,15-04-2024,N/A,https://internship.aicte-india.org/internship-details.php?uid=SU5URVJOU0hJUEdPVl8xNzEwNTcyMDY2NjVmNTQyMjIwMTFkMA==&level=Nw==
AICTE,ACCOUNTING AND FINANCE INTERNSHIP - ONLY FOR BCOM (ACCOUNTANCY & AUDITING) GRADUATES,Rural Development Department,Start dateImmediately,Unpaid,Duration2 Months,Not mentioned,Full Time,Not mentioned,Not mentioned,All,ACCOUNTANCY & AUDITING,N/A,15-04-2024,N/A,https://internship.aicte-india.org/internship-details.php?uid=SU5URVJOU0hJUEdPVl8xNzEwNTc0NjY5NjVmNTRjNGRkOWIwZQ==&level=Nw==
AICTE,DISTRICT KHERI BLOCK NIGHASAN IN COMPUTER OPERATOR CUM DATA ENTRY INTERNS,rural development,Start dateImmediately,Unpaid,Duration2 Months,Not mentioned,Full Time,Not mentioned,Not mentioned,All,Not mentioned,N/A,15-04-2024,N/A,https://internship.aicte-india.org/internship-details.php?uid=SU5URVJOU0hJUEdPVl8xNzEwNTg1NzQ2NjVmNTc3OTJjMWVhZQ==&level=Nw==
AICTE,DISTRICT KHERI BLOCK NIGHASAN IN ASSISTANT ACCOUNTANT,rural development,Start dateImmediately,Unpaid,Duration2 Months,Not mentioned,Full Time,Not mentioned,Not mentioned,All,Not mentioned,N/A,15-04-2024,N/A,https://internship.aicte-india.org/internship-details.php?uid=SU5URVJOU0hJUEdPVl8xNzEwNTg2NzE5NjVmNTdiNWY2NDM3MQ==&level=Nw==
AICTE,DISTRICT KHERI BLOCK NIGHASAN IN TECHNICAL ASSISTANT FOR CIVIL ENGINEERING,rural development,Start dateImmediately,Unpaid,Duration2 Months,Not mentioned,Full Time,Not mentioned,Not mentioned,All,Not mentioned,N/A,15-04-2024,N/A,https://internship.aicte-india.org/internship-details.php?uid=SU5URVJOU0hJUEdPVl8xNzEwNTg3MjcyNjVmNTdkODg1MTJjMQ==&level=Nw==
AICTE,DISTRICT KHERI BLOCK GOLA IN COMPUTER OPERATOR CUM DATA ENTRY INTERNS,Block development office,Start dateImmediately,Unpaid,Duration3 Months,Not mentioned,Full Time,Not mentioned,Not mentioned,All,Not mentioned,N/A,16-04-2024,N/A,https://internship.aicte-india.org/internship-details.php?uid=SU5URVJOU0hJUEdPVl8xNzEwNTkxNTc4NjVmNThlNWFmMDBkMQ==&level=Nw==
AICTE,DISTRICT KHERI BLOCK GOLA IN TECHNICAL ASSISTANT FOR CIVIL ENGINEERING,Block development office,Start dateImmediately,Unpaid,Duration3 Months,Not mentioned,Full Time,Not mentioned,Not mentioned,All,Not mentioned,N/A,17-04-2024,N/A,https://internship.aicte-india.org/internship-details.php?uid=SU5URVJOU0hJUEdPVl8xNzEwNTkxOTk0NjVmNThmZmEwMDFjYw==&level=Nw==
AICTE,DISTRICT KHERI BLOCK GOLA IN ASSISTANT ACCOUNTANT,Block development office,Start dateImmediately,Unpaid,Duration3 Months,Not mentioned,Full Time,Not mentioned,Not mentioned,All,Not mentioned,N/A,17-04-2024,N/A,https://internship.aicte-india.org/internship-details.php?uid=SU5URVJOU0hJUEdPVl8xNzEwNTkyMjk5NjVmNTkxMmIyYTU5MQ==&level=Nw==
AICTE,INTERN FOR RURAL DEVELOPMENT BLOCK RAMPURA JALAUN UTTAR PRADESH,RURAL DEVELOPMENT BLOCK RAMPURA,Start dateImmediately,Unpaid,Duration3 Months,Not mentioned,Full Time,Not mentioned,Not mentioned,All,Not mentioned,N/A,31-03-2024,N/A,https://internship.aicte-india.org/internship-details.php?uid=SU5URVJOU0hJUEdPVl8xNzEwNTgzMDc5NjVmNTZkMjc2MjljMA==&level=Nw==
AICTE,DISTRICT KHERI BLOCK MITAULI  COMPUTER OPERATOR CUM DATA ENTRY INTERNS,RURAL DEVLOPMENT DEPARTMENT,Start dateImmediately,Unpaid,Duration2 Months,Not mentioned,Full Time,Not mentioned,Not mentioned,All,Not mentioned,N/A,16-03-2024,N/A,https://internship.aicte-india.org/internship-details.php?uid=SU5URVJOU0hJUEdPVl8xNzEwNTg4MDQ1NjVmNTgwOGRlY2UyNQ==&level=Nw==
AICTE,DISTRICT KHERI BLOCK MITAULI  TECHINCAL ASSISTANT FOR CIVIL ENGINEERINGH,RURAL DEVLOPMENT DEPARTMENT,Start dateImmediately,Unpaid,Duration2 Months,Not mentioned,Full Time,Not mentioned,Not mentioned,All,Not mentioned,N/A,16-03-2024,N/A,https://internship.aicte-india.org/internship-details.php?uid=SU5URVJOU0hJUEdPVl8xNzEwNTg4MjE3NjVmNTgxMzlhMTRhZg==&level=Nw==
AICTE,DISTRICT KHERI BLOCK MITAULI ASSISTANT ACCOUNTANT BLOCK MITAULI DI,RURAL DEVLOPMENT DEPARTMENT,Start dateImmediately,Unpaid,Duration2 Months,Not mentioned,Full Time,Not mentioned,Not mentioned,All,Not mentioned,N/A,16-03-2024,N/A,https://internship.aicte-india.org/internship-details.php?uid=SU5URVJOU0hJUEdPVl8xNzEwNTg4NDQ1NjVmNTgyMWQ2YTQ2Zg==&level=Nw==
AICTE,INTERN FOR RURAL DEVELOPMENT BLOCK MADHAUGARH JALAUN UTTAR PRADESH,RURAL DEVELOPMENT BLOCK MADHAUGARH,Start dateImmediately,Unpaid,Duration3 Months,Not mentioned,Full Time,Not mentioned,Not mentioned,All,Not mentioned,N/A,31-03-2024,N/A,https://internship.aicte-india.org/internship-details.php?uid=SU5URVJOU0hJUEdPVl8xNzEwNTg1NzgxNjVmNTc3YjViY2QwYw==&level=Nw==
AICTE,BLOCK PASGAWAN DISTRICT KHERI,Red,Start dateImmediately,Unpaid,Duration2 Months,Not mentioned,Full Time,Not mentioned,Not mentioned,All,Not mentioned,N/A,15-04-2024,N/A,https://internship.aicte-india.org/internship-details.php?uid=SU5URVJOU0hJUEdPVl8xNzEwNTgwOTE5NjVmNTY0Yjc0OGNmYQ==&level=Nw==
AICTE,BLOCK PASGAWAN DISTRICT KHERI IN ASSITANT ACCOUNTANT,Red,Start dateImmediately,Unpaid,Duration2 Months,Not mentioned,Full Time,Not mentioned,Not mentioned,All,Not mentioned,N/A,15-04-2024,N/A,https://internship.aicte-india.org/internship-details.php?uid=SU5URVJOU0hJUEdPVl8xNzEwNTgxNDUzNjVmNTY2Y2RiZTdhZg==&level=Nw==
AICTE,BLOCK PASGAWAN DISTRICT KHERI TECNICAL ASSITANT,Red,Start dateImmediately,Unpaid,Duration2 Months,Not mentioned,Full Time,Not mentioned,Not mentioned,All,Not mentioned,N/A,15-04-2024,N/A,https://internship.aicte-india.org/internship-details.php?uid=SU5URVJOU0hJUEdPVl8xNzEwNTgxOTAwNjVmNTY4OGMyNGFhNw==&level=Nw==
AICTE,INTERN FOR RURAL DEVELOPMENT BLOCK KONCH JALAUN UTTAR PRADESH,RURAL DEVELOPMENT BLOCK KONCH,Start dateImmediately,Unpaid,Duration3 Months,Not mentioned,Full Time,Not mentioned,Not mentioned,All,Not mentioned,N/A,31-03-2024,N/A,https://internship.aicte-india.org/internship-details.php?uid=SU5URVJOU0hJUEdPVl8xNzEwNTg1OTcyNjVmNTc4NzQ5NjA4NA==&level=Nw==
AICTE,INTERN FOR RURAL DEVELOPMENT BLOCK NADIGAON JALAUN UTTAR PRADESH,RURAL DEVELOPMENT BLOCK NADIGAON,Start dateImmediately,Unpaid,Duration3 Months,Not mentioned,Full Time,Not mentioned,Not mentioned,All,Not mentioned,N/A,31-03-2024,N/A,https://internship.aicte-india.org/internship-details.php?uid=SU5URVJOU0hJUEdPVl8xNzEwNTg2MzEzNjVmNTc5Yzk5OTJhYQ==&level=Nw==
AICTE,DISTRICT KHERI BLOCK BANKEYGANJ IN COMPUTER OPERATOR CUM DATA ENTRY INTERNS,RURAL DEVELOPMENT,Start dateImmediately,Unpaid,Duration2 Months,Not mentioned,Full Time,Not mentioned,Not mentioned,All,Not mentioned,N/A,15-04-2024,N/A,https://internship.aicte-india.org/internship-details.php?uid=SU5URVJOU0hJUEdPVl8xNzEwNTg3MDcxNjVmNTdjYmY4ODVhNQ==&level=Nw==
AICTE,DISTRICT KHERI BLOCK BANKEYGANJ IN TECHNICAL ASSISTANCE FOR CIVIL ENGINEERING,RURAL DEVELOPMENT,Start dateImmediately,Unpaid,DurationMonths,Not mentioned,Full Time,Not mentioned,Not mentioned,All,Not mentioned,N/A,15-04-2024,N/A,https://internship.aicte-india.org/internship-details.php?uid=SU5URVJOU0hJUEdPVl8xNzEwNTkwMjEyNjVmNTg5MDQwY2RhYg==&level=Nw==
AICTE,DISTRICT KHERI BLOCK BANKEYGANJ IN ASSISTANT ACCOUNTANT,RURAL DEVELOPMENT,Start dateImmediately,Unpaid,Duration2 Months,Not mentioned,Full Time,Not mentioned,Not mentioned,All,Not mentioned,N/A,15-04-2024,N/A,https://internship.aicte-india.org/internship-details.php?uid=SU5URVJOU0hJUEdPVl8xNzEwNTkwNjEwNjVmNThhOTJlNjUwNw==&level=Nw==
AICTE,INTERN FOR RURAL DEVELOPMENT BLOCK KUTHAUND JALAUN UTTAR PRADESH,RURAL DEVELOPMENT BLOCK KUTHAUND,Start dateImmediately,Unpaid,Duration3 Months,Not mentioned,Full Time,Not mentioned,Not mentioned,All,Not mentioned,N/A,31-03-2024,N/A,https://internship.aicte-india.org/internship-details.php?uid=SU5URVJOU0hJUEdPVl8xNzEwNTg0MjExNjVmNTcxOTNmMjJlNA==&level=Nw==
AICTE,DISTT- KHERI BLOCK- RAMIYABEHAR IN COMPUTER OPERATOR CUM DATA ENTRY INTERNS,rural devlopment,Start dateImmediately,Unpaid,Duration2 Months,Not mentioned,Full Time,Not mentioned,Not mentioned,All,Not mentioned,N/A,15-04-2024,N/A,https://internship.aicte-india.org/internship-details.php?uid=SU5URVJOU0hJUEdPVl8xNzEwNTg4NDgwNjVmNTgyNDBkMTdhYg==&level=Nw==
AICTE,DISTT KHERI BLOCK RAMIYABEHAR IN TECHNICAL ASSISTANT FOR CIVIL ENGINEERING,rural devlopment,Start dateImmediately,Unpaid,Duration2 Months,Not mentioned,Full Time,Not mentioned,Not mentioned,All,Not mentioned,N/A,15-04-2024,N/A,https://internship.aicte-india.org/internship-details.php?uid=SU5URVJOU0hJUEdPVl8xNzEwNTg5NDE1NjVmNTg1ZTc5Mjg0MQ==&level=Nw==
AICTE,DISTT KHERI BLOCK RAMIYABEHAR IN ASSISTANT ACCOUNTANT,rural devlopment,Start dateImmediately,Unpaid,Duration2 Months,Not mentioned,Full Time,Not mentioned,Not mentioned,All,Not mentioned,N/A,15-04-2024,N/A,https://internship.aicte-india.org/internship-details.php?uid=SU5URVJOU0hJUEdPVl8xNzEwNTg5OTI5NjVmNTg3ZTk5Y2Y0YQ==&level=Nw==
AICTE,DISTRICT KHERI BLOCK ISHANAGAR IN COMPUTER OPERATOR CUM DATA ENTRY INTERNS,Block Development office,Start dateImmediately,Unpaid,Duration2 Months,Not mentioned,Full Time,Not mentioned,Not mentioned,All,Not mentioned,N/A,15-04-2024,N/A,https://internship.aicte-india.org/internship-details.php?uid=SU5URVJOU0hJUEdPVl8xNzEwNTg5NzE4NjVmNTg3MTY3YWUzOA==&level=Nw==
AICTE,DISTRICT KHERI BLOCK ISHANAGAR IN TECHNICAL ASSISTANT FOR CIVIL ENGINEERING,Block Development office,Start dateImmediately,Unpaid,Duration2 Months,Not mentioned,Full Time,Not mentioned,Not mentioned,All,Not mentioned,N/A,15-04-2024,N/A,https://internship.aicte-india.org/internship-details.php?uid=SU5URVJOU0hJUEdPVl8xNzEwNTkwNDI1NjVmNTg5ZDkwZmVlZA==&level=Nw==
AICTE,DISTRICT KHERI BLOCK ISHANAGAR IN ASSISTANT ACCOUNTANT,Block Development office,Start dateImmediately,Unpaid,Duration2 Months,Not mentioned,Full Time,Not mentioned,Not mentioned,All,Not mentioned,N/A,15-04-2024,N/A,https://internship.aicte-india.org/internship-details.php?uid=SU5URVJOU0hJUEdPVl8xNzEwNTkwNjUxNjVmNThhYmI4ZThhYg==&level=Nw==
AICTE,DISTRICT KHERI BLOCK PHOOLBEHAR IN TECHNICAL ASSISTANT FOR CIVIL ENGINEERING,BLOCK DEVELOPMENT OFFICE PHOOLBEHAR KHERI,Start dateImmediately,Unpaid,Duration2 Months,Not mentioned,Full Time,Not mentioned,Not mentioned,All,Not mentioned,N/A,15-04-2024,N/A,https://internship.aicte-india.org/internship-details.php?uid=SU5URVJOU0hJUEdPVl8xNzEwNTg5MzU5NjVmNTg1YWY5ODEwOA==&level=Nw==
AICTE,DISTRICT KHERI BLOCK PHOOLBEHAR IN COMPUTER OPERATOR CUM DATA ENTRY INTERNS R,BLOCK DEVELOPMENT OFFICE PHOOLBEHAR KHERI,Start dateImmediately,Unpaid,Duration2 Months,Not mentioned,Full Time,Not mentioned,Not mentioned,All,Not mentioned,N/A,15-04-2024,N/A,https://internship.aicte-india.org/internship-details.php?uid=SU5URVJOU0hJUEdPVl8xNzEwNTkwNDQxNjVmNTg5ZTllNGU1Yw==&level=Nw==
AICTE,DISTRICT KHERI BLOCK PHOOLBEHAR IN ASSISTANT ACCOUNTANT,BLOCK DEVELOPMENT OFFICE PHOOLBEHAR KHERI,Start dateImmediately,Unpaid,Duration2 Months,Not mentioned,Full Time,Not mentioned,Not mentioned,All,Not mentioned,N/A,15-04-2024,N/A,https://internship.aicte-india.org/internship-details.php?uid=SU5URVJOU0hJUEdPVl8xNzEwNTkxNTg4NjVmNThlNjQzNDIzNQ==&level=Nw==
AICTE,INTERNS ARE REQUIRED 2 PERSON PER GP OF BLOCK SAROJANI NAGAR LUCKNOW,RURAL DEVELOPMENT,Start dateImmediately,Unpaid,Duration6 Months,Not mentioned,Full Time,Not mentioned,Not mentioned,All,Not mentioned,N/A,15-05-2024,N/A,https://internship.aicte-india.org/internship-details.php?uid=SU5URVJOU0hJUEdPVl8xNzEwNTk1NTExNjVmNTlkYjcxMDdiNA==&level=Nw==
AICTE,INTERNS ARE REQUIRED IN GP OF BLOCK MALL LUCKNOW,RURAL DEVELOPMENT,Start dateImmediately,Unpaid,Duration6 Months,Not mentioned,Full Time,Not mentioned,Not mentioned,All,Not mentioned,N/A,16-05-2024,N/A,https://internship.aicte-india.org/internship-details.php?uid=SU5URVJOU0hJUEdPVl8xNzEwNTk3NTU0NjVmNWE1YjJkYzM5Mg==&level=Nw==
AICTE,INTERNS ARE REQUIRED IN GP OF BLOCK KAKORI LUCKNOW,RURAL DEVELOPMENT,Start dateImmediately,Unpaid,Duration6 Months,Not mentioned,Full Time,Not mentioned,Not mentioned,All,Not mentioned,N/A,16-05-2024,N/A,https://internship.aicte-india.org/internship-details.php?uid=SU5URVJOU0hJUEdPVl8xNzEwNTk3MTA4NjVmNWEzZjQwMDliMQ==&level=Nw==
AICTE,INTERNS ARE REQUIRED IN GP OF BLOCK MALIHABAD LUCKNOW,RURAL DEVELOPMENT,Start dateImmediately,Unpaid,Duration6 Months,Not mentioned,Full Time,Not mentioned,Not mentioned,All,Not mentioned,N/A,15-05-2024,N/A,https://internship.aicte-india.org/internship-details.php?uid=SU5URVJOU0hJUEdPVl8xNzEwNTk2NjU1NjVmNWEyMmZiYjkwOQ==&level=Nw==
AICTE,REQUIREMENT OF INTERNS 2 PERSONS PER GP IN BLOCK MOHANLALGANJ LUCKNOW,RURAL DEVELOPMENT,Start dateImmediately,Unpaid,Duration6 Months,Not mentioned,Full Time,Not mentioned,Not mentioned,All,Not mentioned,N/A,15-05-2024,N/A,https://internship.aicte-india.org/internship-details.php?uid=SU5URVJOU0hJUEdPVl8xNzEwNTkzNzE3NjVmNTk2YjVlYTExNA==&level=Nw==
AICTE,INTERN REQUIRED FOR RURAL DEVELOPMENT IN GP OF BLOCK CHINHAT LUCKNOW,RURAL DEVELOPMENT,Start dateImmediately,Unpaid,Duration6 Months,Not mentioned,Full Time,Not mentioned,Not mentioned,All,Not mentioned,N/A,16-05-2024,N/A,https://internship.aicte-india.org/internship-details.php?uid=SU5URVJOU0hJUEdPVl8xNzEwNTk4Mzg3NjVmNWE4ZjNlMTc5MQ==&level=Nw==
AICTE,INTERS ARE REQUIRED IN ALL GP IN BLOCK BAKSHI KA TALAB LUCKNOW,RURAL DEVELOPMENT,Start dateImmediately,Unpaid,Duration6 Months,Not mentioned,Full Time,Not mentioned,Not mentioned,All,Not mentioned,N/A,16-05-2024,N/A,https://internship.aicte-india.org/internship-details.php?uid=SU5URVJOU0hJUEdPVl8xNzEwNTk3OTkwNjVmNWE3NjY4YjgzMA==&level=Nw==
AICTE,INTERNS REQUIRED IN BLOCK GOSAINGANJ LUCKNOW,RURAL DEVELOPMENT,Start dateImmediately,Unpaid,Duration6 Months,Not mentioned,Full Time,Not mentioned,Not mentioned,All,Not mentioned,N/A,15-05-2024,N/A,https://internship.aicte-india.org/internship-details.php?uid=SU5URVJOU0hJUEdPVl8xNzEwNTk2MTc3NjVmNWEwNTE2ZjEzOQ==&level=Nw==
AICTE,"BLOCK- BANKATI ,BASTI, INTERNSHIP-  SOCIAL WORK",Rural Development,Start dateImmediately,Unpaid,Duration2 Months,Not mentioned,Full Time,Not mentioned,Not mentioned,All,Not mentioned,N/A,31-03-2024,N/A,https://internship.aicte-india.org/internship-details.php?uid=SU5URVJOU0hJUEdPVl8xNzEwNzUxODY3NjVmODAwN2IwOGIxYg==&level=Nw==
AICTE,"BANKATI ,BASTI, INTERNSHIP-   COMPUTER OPERATOR",Rural Development,Start dateImmediately,Unpaid,Duration2 Months,Not mentioned,Full Time,Not mentioned,Not mentioned,All,Not mentioned,N/A,31-03-2024,N/A,https://internship.aicte-india.org/internship-details.php?uid=SU5URVJOU0hJUEdPVl8xNzEwNzUyMTc2NjVmODAxYjA5YzFmNw==&level=Nw==
AICTE,INTERN IN BLOCK SADAT & GRAM DATA ENTRY OPERATOR,RURAL DEVELOPMENT,Start dateImmediately,4000 /month,Duration12 Months,Not mentioned,Full Time,Not mentioned,Not mentioned,All,Not mentioned,N/A,15-04-2024,N/A,https://internship.aicte-india.org/internship-details.php?uid=SU5URVJOU0hJUEdPVl8xNzEwNzQxNTM5NjVmN2Q4MjM5ZTI3ZA==&level=Nw==
AICTE,"BLOCK- BANKI  DISTRICT BARABANKI UP  INTRNSHIP, POST - COMPUTER-OPERATOR",RURAL DEVELOPMENT,Start dateImmediately,Unpaid,Duration2 Months,Not mentioned,Full Time,Not mentioned,Not mentioned,All,Not mentioned,N/A,31-03-2024,N/A,https://internship.aicte-india.org/internship-details.php?uid=SU5URVJOU0hJUEdPVl8xNzEwNzQ0OTIyNjVmN2U1NWE1N2Q5Mg==&level=Nw==
AICTE,"BLOCK- BANKI  DISTRICT BARABANKI UP  INTRNSHIP, POST - CIVIL ENGINEERING",RURAL DEVELOPMENT,Start dateImmediately,Unpaid,Duration2 Months,Not mentioned,Full Time,Not mentioned,Not mentioned,All,Not mentioned,N/A,31-03-2024,N/A,https://internship.aicte-india.org/internship-details.php?uid=SU5URVJOU0hJUEdPVl8xNzEwNzQ1MzUzNjVmN2U3MDllM2VlYQ==&level=Nw==
AICTE,"PURABAZAR, AYODHYA, PRATIBHA INTERNS",RURAL DEVELOPMENT,Start dateImmediately,Unpaid,Duration2 Months,Not mentioned,Full Time,Not mentioned,Not mentioned,All,Not mentioned,N/A,05-04-2024,N/A,https://internship.aicte-india.org/internship-details.php?uid=SU5URVJOU0hJUEdPVl8xNzEwNzY2NTI5NjVmODM5YzFjZGU5MQ==&level=Nw==
AICTE,"BIKAPUR, AYODHYA PRATIBHA INTERNS",Rural Development,Start dateImmediately,Unpaid,Duration2 Months,Not mentioned,Full Time,Not mentioned,Not mentioned,All,Not mentioned,N/A,05-04-2024,N/A,https://internship.aicte-india.org/internship-details.php?uid=SU5URVJOU0hJUEdPVl8xNzEwNzY3MzMwNjVmODNjZTJkZGI2Yg==&level=Nw==
AICTE,"HARINGTONGANJ, AYODHYA PRATIBHA INTERNS",RD,Start dateImmediately,Unpaid,Duration2 Months,Not mentioned,Full Time,Not mentioned,Not mentioned,All,Not mentioned,N/A,05-04-2024,N/A,https://internship.aicte-india.org/internship-details.php?uid=SU5URVJOU0hJUEdPVl8xNzEwNzY3MDYxNjVmODNiZDVjNWIxZg==&level=Nw==
AICTE,DATA ENTRY IN RURAL DEVELOPMENT,Rural Developement,Start dateImmediately,Unpaid,Duration2 Months,Not mentioned,Full Time,Not mentioned,Not mentioned,All,Not mentioned,N/A,03-12-2024,N/A,https://internship.aicte-india.org/internship-details.php?uid=SU5URVJOU0hJUEdPVl8xNzEwNzQ2NTI2NjVmN2ViOWVlZGZjYg==&level=Nw==
AICTE,CIVIL WORK IN RURAL INTERNSHIP,Rural Development,Start dateImmediately,Unpaid,Duration2 Months,Not mentioned,Full Time,Not mentioned,Not mentioned,All,Not mentioned,N/A,03-10-2024,N/A,https://internship.aicte-india.org/internship-details.php?uid=SU5URVJOU0hJUEdPVl8xNzEwNzU2MDczNjVmODEwZTk0ODk3MA==&level=Nw==
AICTE,"AMANIGANJ, AYODHYA PRATIBHA INTERN",Rural Developmemt,Start dateImmediately,Unpaid,Duration2 Months,Not mentioned,Full Time,Not mentioned,Not mentioned,All,Not mentioned,N/A,05-04-2024,N/A,https://internship.aicte-india.org/internship-details.php?uid=SU5URVJOU0hJUEdPVl8xNzEwODQ0OTM5NjVmOTZjMGI2NDJjMQ==&level=Nw==
AICTE,SOHAWAL AYODHYA PRATIBHA INTERN,Rural Development,Start dateImmediately,Unpaid,Duration2 Months,Not mentioned,Full Time,Not mentioned,Not mentioned,All,Not mentioned,N/A,05-04-2024,N/A,https://internship.aicte-india.org/internship-details.php?uid=SU5URVJOU0hJUEdPVl8xNzEwODQ0NjI1NjVmOTZhZDEzNmU3MQ==&level=Nw==
AICTE,MASODHA AYODHYA PRATIBHA INTERN,Rural Development,Start dateImmediately,Unpaid,Duration2 Months,Not mentioned,Full Time,Not mentioned,Not mentioned,All,Not mentioned,N/A,05-04-2024,N/A,https://internship.aicte-india.org/internship-details.php?uid=SU5URVJOU0hJUEdPVl8xNzEwODQ2NjgyNjVmOTcyZGExMmIzNw==&level=Nw==
AICTE,"MAWAI, AYODHYA PRATIBHA INTERNS",Rural Development,Start dateImmediately,Unpaid,Duration2 Months,Not mentioned,Full Time,Not mentioned,Not mentioned,All,Not mentioned,N/A,05-04-2024,N/A,https://internship.aicte-india.org/internship-details.php?uid=SU5URVJOU0hJUEdPVl8xNzEwODQzNzE2NjVmOTY3NDQxMDczYQ==&level=Nw==
AICTE,RUDAULI AYODHYA PRATIBHA INTERN,Rural Development,Start dateImmediately,Unpaid,Duration2 Months,Not mentioned,Full Time,Not mentioned,Not mentioned,All,Not mentioned,N/A,05-04-2024,N/A,https://internship.aicte-india.org/internship-details.php?uid=SU5URVJOU0hJUEdPVl8xNzEwODQ1MjM2NjVmOTZkMzRjODFlOQ==&level=Nw==
AICTE,MILKIPUR AYODHYA PRATIBHA INTERN,Rural Development,Start dateImmediately,Unpaid,Duration2 Months,Not mentioned,Full Time,Not mentioned,Not mentioned,All,Not mentioned,N/A,05-04-2024,N/A,https://internship.aicte-india.org/internship-details.php?uid=SU5URVJOU0hJUEdPVl8xNzEwODQ0MDIwNjVmOTY4NzQyMTk1MQ==&level=Nw==
AICTE,"TARUN, AYODHYA PRATIBHA INTERN",RD,Start dateImmediately,Unpaid,Duration2 Months,Not mentioned,Full Time,Not mentioned,Not mentioned,All,Not mentioned,N/A,05-04-2024,N/A,https://internship.aicte-india.org/internship-details.php?uid=SU5URVJOU0hJUEdPVl8xNzEwODQ0MzE1NjVmOTY5OWJlYjlhYg==&level=Nw==
AICTE,CIVIL WORK IN RURAL INTERNSHIP,Rural Development,Start dateImmediately,Unpaid,Duration2 Months,Not mentioned,Full Time,Not mentioned,Not mentioned,All,Not mentioned,N/A,03-10-2024,N/A,https://internship.aicte-india.org/internship-details.php?uid=SU5URVJOU0hJUEdPVl8xNzI1MzU0ODYyNjZkNmQzNmU4YzZiZg==&level=Nw==
AICTE,DISTRICT KHERI BLOCK PALIYA COMPUTER OPERATOR CUM DATA ENTRY INTERNS,RURAL DEVELOPMENT,Start dateImmediately,Unpaid,Duration2 Months,Not mentioned,Full Time,Not mentioned,Not mentioned,All,Not mentioned,N/A,09-10-2024,N/A,https://internship.aicte-india.org/internship-details.php?uid=SU5URVJOU0hJUEdPVl8xNzI1ODY4MDExNjZkZWE3ZWI1NDJkYQ==&level=Nw==
AICTE,DISTRICT KHERI BLOCK PALIYA TECHNICAL ASSISTANT,RURAL DEVELOPMENT,Start dateImmediately,Unpaid,Duration2 Months,Not mentioned,Full Time,Not mentioned,Not mentioned,All,Not mentioned,N/A,09-10-2024,N/A,https://internship.aicte-india.org/internship-details.php?uid=SU5URVJOU0hJUEdPVl8xNzI1ODY5MzQ5NjZkZWFkMjVlYTJjMw==&level=Nw==
AICTE,"DPDNH IP S26: DISTRICT PANCHAYAT, DADRA AND NAGAR HAVELI INTERNSHIP PROGRAMME",District Panchayat Dadra and Nagar Haveli,Start dateImmediately,10000 /month,Duration3 Months,Not mentioned,Full Time,Not mentioned,Not mentioned,All,Not mentioned,N/A,31-03-2026,N/A,https://internship.aicte-india.org/internship-details.php?uid=SU5URVJOU0hJUEdPVl8xNzY5MDY1MzI0Njk3MWNiNmNjZDVkMA==&level=Nw==
AICTE,CISCO VIRTUAL INTERNSHIP PROGRAM 2026,Cisco,"Pan India,",Not disclosed,Start date01-May-2026,Remote,Full Time,Not mentioned,Not mentioned,All,Not mentioned,N/A,25-Apr-2026,50000,https://internship.aicte-india.org/internship-details.php?uid=SU5URVJOU0hJUF8xNzc0NDIwNjY0NjljMzgyYjg3MTU3Yw==&level=NA==
AICTE,EDUNET FOUNDATION – IBM SKILLSBUILD | ARTIFICIAL INTELLIGENCE  | 6-WEEK INTERNSHIP | MAY 2026 BATCH,Edunet Foundation,"Pan India,",₹ 0 /month,Start dateImmediately,Remote,Full Time,Not mentioned,Not mentioned,All,Not mentioned,N/A,2026-04-30,N/A,https://internship.aicte-india.org/internship-details.php?uid=SU5URVJOU0hJUF8xNzc1NDYyODYzNjlkMzY5Y2YzZmZiMg==&level=NA==
AICTE,4-WEEKS INTERNSHIP - SKILLSBUILD FOR COLLEGE ON AI & IBM CLOUD - MAY 2026,Edunet Foundation,"Pan India,",₹ 0 /month,Start dateImmediately,Remote,Full Time,Not mentioned,Not mentioned,All,Not mentioned,N/A,2026-04-30,N/A,https://internship.aicte-india.org/internship-details.php?uid=SU5URVJOU0hJUF8xNzc1NDkwMDIwNjlkM2QzZTRmMzkwMw==&level=NA==
AICTE,switch theme,N/A,Documents,Not disclosed,Internship List,Not mentioned,Not mentioned,Not mentioned,Not mentioned,All,Not mentioned,N/A,N/A,N/A,https://internship.aicte-india.org/internship-list.php
AICTE,US IT RECRUITER - NIGHT SHIFT,N/A,Start dateImmediately,Unpaid,Duration6 Months,Remote,Full Time,Not mentioned,Not mentioned,All,Not mentioned,N/A,09-May-2026,N/A,https://internship.aicte-india.org/../../../internship-details.php?uid=SU5URVJOU0hJUF8xNzc2MjMzMzA2NjlkZjJiNWE0ODYzMw==
AICTE,CLOUD COMPUTING / AWS LEARNING INTERNSHIP,N/A,Start dateImmediately,Unpaid,Duration2 Months,Not mentioned,Full Time,Not mentioned,Not mentioned,All,Not mentioned,N/A,31-Aug-2026,N/A,https://internship.aicte-india.org/../../../internship-details.php?uid=SU5URVJOU0hJUF8xNzc2MjIxNzMzNjlkZWZlMjUxZmI3MA==
AICTE,DATA SCIENCE INTERNSHIP,N/A,Start dateImmediately,Unpaid,Duration2 Months,Not mentioned,Full Time,Not mentioned,Not mentioned,All,Not mentioned,N/A,27-Aug-2026,N/A,https://internship.aicte-india.org/../../../internship-details.php?uid=SU5URVJOU0hJUF8xNzc2MTgyNzcwNjlkZTY1ZjJhMWNlNQ==
AICTE,FLUTTER APP DEVELOPMENT INTERNSHIP,N/A,Start dateImmediately,Unpaid,Duration2 Months,Not mentioned,Full Time,Not mentioned,Not mentioned,All,Not mentioned,N/A,30-Sep-2026,N/A,https://internship.aicte-india.org/../../../internship-details.php?uid=SU5URVJOU0hJUF8xNzc2MTc1NTI1NjlkZTQ5YTViZmNhMQ==
AICTE,UI/UX DESIGNER INTERN,N/A,Start dateImmediately,Unpaid,Duration6 Months,Remote,Full Time,Not mentioned,Not mentioned,All,Not mentioned,N/A,30-Apr-2026,N/A,https://internship.aicte-india.org/../../../internship-details.php?uid=SU5URVJOU0hJUF8xNzc2MTQ4MzA3NjlkZGRmNTMyMjA1ZA==
AICTE,SOFTWARE TESTING INTERN,N/A,Start dateImmediately,Unpaid,Duration6 Months,Remote,Full Time,Not mentioned,Not mentioned,All,Not mentioned,N/A,30-Apr-2026,N/A,https://internship.aicte-india.org/../../../internship-details.php?uid=SU5URVJOU0hJUF8xNzc2MTQ1MzEwNjlkZGQzOWVhZGVlYw==
AICTE,CYBER SECURITY INTERNSHIP,N/A,Start dateImmediately,Unpaid,Duration2 Months,Not mentioned,Full Time,Not mentioned,Not mentioned,All,Not mentioned,N/A,30-Sep-2026,N/A,https://internship.aicte-india.org/../../../internship-details.php?uid=SU5URVJOU0hJUF8xNzc2MDkyMzc5NjlkZDA0ZGJhYjY3ZA==
AICTE,CLOUD COMPUTING / AWS LEARNING INTERNSHIP,N/A,Start dateImmediately,Unpaid,Duration2 Months,Not mentioned,Full Time,Not mentioned,Not mentioned,All,Not mentioned,N/A,26-Aug-2026,N/A,https://internship.aicte-india.org/../../../internship-details.php?uid=SU5URVJOU0hJUF8xNzc2MDQ5NzM2NjlkYzVlNDg1ODBkZA==
AICTE,CLOUD COMPUTING & DEVOPS INTERNSHIP,N/A,Start dateImmediately,Unpaid,Duration2 Months,Not mentioned,Full Time,Not mentioned,Not mentioned,All,Not mentioned,N/A,20-Aug-2026,N/A,https://internship.aicte-india.org/../../../internship-details.php?uid=SU5URVJOU0hJUF8xNzc2MDQ5MTA0NjlkYzViZDBiMDEzNw==
AICTE,DATA SCIENCE INTERNSHIP,N/A,Start dateImmediately,Unpaid,Duration2 Months,Not mentioned,Full Time,Not mentioned,Not mentioned,All,Not mentioned,N/A,30-Sep-2026,N/A,https://internship.aicte-india.org/../../../internship-details.php?uid=SU5URVJOU0hJUF8xNzc2MDEzNjUyNjlkYmQxNTRjNTMxOA==
AICTE,PYTHON - AI - ML - DATA SCIENCE - JAVA - WEBSITE DEVELOPMENT INTERNSHIP,N/A,Start dateImmediately,Unpaid,Duration2 Months,Not mentioned,Full Time,Not mentioned,Not mentioned,All,Not mentioned,N/A,28-Jul-2026,N/A,https://internship.aicte-india.org/../../../internship-details.php?uid=SU5URVJOU0hJUF8xNzc2MDAzOTg5NjlkYmFiOTU4YzFlMg==
AICTE,ARTIFICIAL INTELLIGENCE & MACHINE LEARNING INTERNSHIP,N/A,Start dateImmediately,Unpaid,Duration2 Months,Not mentioned,Full Time,Not mentioned,Not mentioned,All,Not mentioned,N/A,31-Aug-2026,N/A,https://internship.aicte-india.org/../../../internship-details.php?uid=SU5URVJOU0hJUF8xNzc1ODgzMzg0NjlkOWQ0Nzg5NmU5NQ==
AICTE,PYTHON - AI - ML - DATA SCIENCE - JAVA - WEBSITE DEVELOPMENT INTERNSHIP,N/A,Start dateImmediately,Unpaid,Duration2 Months,Not mentioned,Full Time,Not mentioned,Not mentioned,All,Not mentioned,N/A,24-Sep-2026,N/A,https://internship.aicte-india.org/../../../internship-details.php?uid=SU5URVJOU0hJUF8xNzc1ODgwNzI5NjlkOWNhMTk3MTgyOA==
AICTE,E BOOK READERS,N/A,Start dateImmediately,Unpaid,Duration6 Months,Not mentioned,Full Time,Not mentioned,Not mentioned,All,Not mentioned,N/A,30-Apr-2026,N/A,https://internship.aicte-india.org/../../../internship-details.php?uid=SU5URVJOU0hJUF8xNzc1ODAxMDc3NjlkODkyZjUwYjliYw==
AICTE,IOS APP DEVELOPMENT,N/A,Start dateImmediately,Unpaid,Duration6 Months,Remote,Full Time,Not mentioned,Not mentioned,All,Not mentioned,N/A,30-Apr-2026,N/A,https://internship.aicte-india.org/../../../internship-details.php?uid=SU5URVJOU0hJUF8xNzc1Nzk4NDQ0NjlkODg4YWM0MWMwZA==
AICTE,SHOW ANCHOR,N/A,Start dateImmediately,Unpaid,Duration6 Months,Remote,Full Time,Not mentioned,Not mentioned,All,Not mentioned,N/A,30-Apr-2026,N/A,https://internship.aicte-india.org/../../../internship-details.php?uid=SU5URVJOU0hJUF8xNzc1Nzk3MjU3NjlkODg0MDk4YWY0Mw==
AICTE,DATA SCIENCE INTERNSHIP,N/A,Start dateImmediately,Unpaid,Duration2 Months,Not mentioned,Full Time,Not mentioned,Not mentioned,All,Not mentioned,N/A,31-Aug-2026,N/A,https://internship.aicte-india.org/../../../internship-details.php?uid=SU5URVJOU0hJUF8xNzc1NzQ3ODQ1NjlkN2MzMDU1ZmY0Ng==
AICTE,PYTHON - AI - ML - DATA SCIENCE - JAVA - WEBSITE DEVELOPMENT INTERNSHIP,N/A,Start dateImmediately,Unpaid,Duration2 Months,Not mentioned,Full Time,Not mentioned,Not mentioned,All,Not mentioned,N/A,30-Sep-2026,N/A,https://internship.aicte-india.org/../../../internship-details.php?uid=SU5URVJOU0hJUF8xNzc1NzMzMjAzNjlkNzg5ZDM1YjI0OA==
AICTE,DEVOPS INTERN,N/A,Start dateImmediately,Unpaid,Duration6 Months,Remote,Full Time,Not mentioned,Not mentioned,All,Not mentioned,N/A,30-Apr-2026,N/A,https://internship.aicte-india.org/../../../internship-details.php?uid=SU5URVJOU0hJUF8xNzc1NzExNjQ1NjlkNzM1OWRiOWY4Mg==
AICTE,MARKETING INTERN,N/A,Start dateImmediately,Unpaid,Duration6 Months,Remote,Full Time,Not mentioned,Not mentioned,All,Not mentioned,N/A,30-Apr-2026,N/A,https://internship.aicte-india.org/../../../internship-details.php?uid=SU5URVJOU0hJUF8xNzc1NzExMTcxNjlkNzMzYzM4NjdmZQ==
AICTE,HR INTERN,N/A,Start dateImmediately,Unpaid,Duration6 Months,Remote,Full Time,Not mentioned,Not mentioned,All,Not mentioned,N/A,30-Apr-2026,N/A,https://internship.aicte-india.org/../../../internship-details.php?uid=SU5URVJOU0hJUF8xNzc1NzA5MTU4NjlkNzJiZTZhNGQ4OQ==
AICTE,PYTHON - AI - ML - DATA SCIENCE - JAVA - WEBSITE DEVELOPMENT INTERNSHIP,N/A,Start dateImmediately,Unpaid,Duration2 Months,Not mentioned,Full Time,Not mentioned,Not mentioned,All,Not mentioned,N/A,30-Sep-2026,N/A,https://internship.aicte-india.org/../../../internship-details.php?uid=SU5URVJOU0hJUF8xNzc1NzA3OTI2NjlkNzI3MTY4YzBhYw==
AICTE,FULL-STACK WEB DEVELOPMENT INTERNSHIP,N/A,Start dateImmediately,Unpaid,Duration2 Months,Not mentioned,Full Time,Not mentioned,Not mentioned,All,Not mentioned,N/A,31-Aug-2026,N/A,https://internship.aicte-india.org/../../../internship-details.php?uid=SU5URVJOU0hJUF8xNzc1NzA3ODc2NjlkNzI2ZTQyNjkwNA==
AICTE,PYTHON - AI - ML - DATA SCIENCE - JAVA - WEBSITE DEVELOPMENT INTERNSHIP,N/A,Start dateImmediately,Unpaid,Duration2 Months,Not mentioned,Full Time,Not mentioned,Not mentioned,All,Not mentioned,N/A,08-Oct-2026,N/A,https://internship.aicte-india.org/../../../internship-details.php?uid=SU5URVJOU0hJUF8xNzc1NjY0MzYyNjlkNjdjZWFhYTRiMg==
AICTE,ADVANCED SOIL CHARACTERIZATION INTERNSHIP  IN SOIL  LAB,N/A,Start dateImmediately,Unpaid,Duration6 Weeks,Not mentioned,Full Time,Not mentioned,Not mentioned,All,Not mentioned,N/A,30-Apr-2026,N/A,https://internship.aicte-india.org/../../../internship-details.php?uid=SU5URVJOU0hJUF8xNzc1NjUwODUyNjlkNjQ4MjQyNGRhYg==
AICTE,PYTHON - AI - ML - DATA SCIENCE - JAVA - WEBSITE DEVELOPMENT INTERNSHIP,N/A,Start dateImmediately,Unpaid,Duration2 Months,Not mentioned,Full Time,Not mentioned,Not mentioned,All,Not mentioned,N/A,08-Oct-2026,N/A,https://internship.aicte-india.org/../../../internship-details.php?uid=SU5URVJOU0hJUF8xNzc1NjI5NTYyNjlkNWY0ZmE2MDNmMQ==
AICTE,TECHNICAL CONTENT WRITER,N/A,Start dateImmediately,Unpaid,Duration6 Months,Remote,Full Time,Not mentioned,Not mentioned,All,Not mentioned,N/A,30-Apr-2026,N/A,https://internship.aicte-india.org/../../../internship-details.php?uid=SU5URVJOU0hJUF8xNzc1NjIzNzk0NjlkNWRlNzJhMGE1Nw==
AICTE,VIRTUAL,N/A,Start dateImmediately,Unpaid,Duration6 Months,Remote,Full Time,Not mentioned,Not mentioned,All,Not mentioned,N/A,30-Apr-2026,N/A,https://internship.aicte-india.org/../../../internship-details.php?uid=SU5URVJOU0hJUF8xNzc1NjIxOTk2NjlkNWQ3NmNlZTdhZQ==
AICTE,HIRING FOR ALL DOMAINS,N/A,Start dateImmediately,Unpaid,Duration6 Months,Remote,Full Time,Not mentioned,Not mentioned,All,Not mentioned,N/A,30-Apr-2026,N/A,https://internship.aicte-india.org/../../../internship-details.php?uid=SU5URVJOU0hJUF8xNzc1NjIwNjk2NjlkNWQyNThlMWUwOQ==
AICTE,ARTIFICIAL INTELLIGENCE & MACHINE LEARNING INTERNSHIP,N/A,Start dateImmediately,Unpaid,Duration2 Months,Not mentioned,Full Time,Not mentioned,Not mentioned,All,Not mentioned,N/A,31-Aug-2026,N/A,https://internship.aicte-india.org/../../../internship-details.php?uid=SU5URVJOU0hJUF8xNzc1NjE0OTk2NjlkNWJjMTQ5ZDU4MA==
AICTE,PYTHON - AI - ML - DATA SCIENCE - JAVA - WEBSITE DEVELOPMENT INTERNSHIP,N/A,Start dateImmediately,Unpaid,Duration2 Months,Not mentioned,Full Time,Not mentioned,Not mentioned,All,Not mentioned,N/A,31-Aug-2026,N/A,https://internship.aicte-india.org/../../../internship-details.php?uid=SU5URVJOU0hJUF8xNzc1NjE0NTQ5NjlkNWJhNTUwMDE4Ng==
AICTE,HYBRID ELECTRIC VEHICLES,N/A,Start dateImmediately,Unpaid,Duration2 Months,Remote,Full Time,Not mentioned,Not mentioned,All,Not mentioned,N/A,30-Apr-2026,N/A,https://internship.aicte-india.org/../../../internship-details.php?uid=SU5URVJOU0hJUF8xNzc1NjA5ODM3NjlkNWE3ZWQ5Nzc2ZQ==
AICTE,DATA SCIENCE INTERNSHIP,N/A,Start dateImmediately,Unpaid,Duration2 Months,Not mentioned,Full Time,Not mentioned,Not mentioned,All,Not mentioned,N/A,31-Aug-2026,N/A,https://internship.aicte-india.org/../../../internship-details.php?uid=SU5URVJOU0hJUF8xNzc1NTg3NDQ4NjlkNTUwNzgxZTBlMQ==
AICTE,PYTHON PROGRAMMING INTERNSHIP,N/A,Start dateImmediately,Unpaid,Duration2 Months,Not mentioned,Full Time,Not mentioned,Not mentioned,All,Not mentioned,N/A,31-Aug-2026,N/A,https://internship.aicte-india.org/../../../internship-details.php?uid=SU5URVJOU0hJUF8xNzc1NTgyOTAyNjlkNTNlYjZkZDA3ZA==
AICTE,PYTHON - AI - ML - DATA SCIENCE - JAVA - WEBSITE DEVELOPMENT INTERNSHIP,N/A,Start dateImmediately,Unpaid,Duration2 Months,Not mentioned,Full Time,Not mentioned,Not mentioned,All,Not mentioned,N/A,31-Jul-2026,N/A,https://internship.aicte-india.org/../../../internship-details.php?uid=SU5URVJOU0hJUF8xNzc1NTgyNTE3NjlkNTNkMzU0ZjFhMA==
AICTE,AUTOMATION AND ROBOTICS INTERN,N/A,Start dateImmediately,Unpaid,Duration2 Months,Remote,Full Time,Not mentioned,Not mentioned,All,Not mentioned,N/A,30-Apr-2026,N/A,https://internship.aicte-india.org/../../../internship-details.php?uid=SU5URVJOU0hJUF8xNzc1NTczODQyNjlkNTFiNTI1Zjc0ZA==
AICTE,SOFTWARE,N/A,Start dateImmediately,Unpaid,Duration6 Months,Remote,Full Time,Not mentioned,Not mentioned,All,Not mentioned,N/A,30-Apr-2026,N/A,https://internship.aicte-india.org/../../../internship-details.php?uid=SU5URVJOU0hJUF8xNzc1NTcyNzEyNjlkNTE2ZThjZGRkNw==
AICTE,CYBER SECURITY INTERN,N/A,Start dateImmediately,Unpaid,Duration4 Months,Remote,Full Time,Not mentioned,Not mentioned,All,Not mentioned,N/A,30-Apr-2026,N/A,https://internship.aicte-india.org/../../../internship-details.php?uid=SU5URVJOU0hJUF8xNzc1NTU2ODM1NjlkNGQ4ZTM3NTM3Yg==
AICTE,DATA ANALYST (INTERN),N/A,Start dateImmediately,5000 /month,Duration3 Months,Not mentioned,Full Time,Not mentioned,Not mentioned,All,INTERN,N/A,30-Apr-2026,N/A,https://internship.aicte-india.org/../../../internship-details.php?uid=SU5URVJOU0hJUF8xNzc1NTU1NjkzNjlkNGQ0NmRhNTE0Yg==
AICTE,ARTIFICIAL INTELLIGENCE & MACHINE LEARNING INTERNSHIP,N/A,Start dateImmediately,Unpaid,Duration2 Months,Not mentioned,Full Time,Not mentioned,Not mentioned,All,Not mentioned,N/A,31-Aug-2026,N/A,https://internship.aicte-india.org/../../../internship-details.php?uid=SU5URVJOU0hJUF8xNzc1NTQ5NDgwNjlkNGJjMjgxM2ZhOQ==
AICTE,CYBERSECURITY INTERN,N/A,Start dateImmediately,5000 /month,Duration3 Months,Not mentioned,Full Time,Not mentioned,Not mentioned,All,Not mentioned,N/A,30-Apr-2026,N/A,https://internship.aicte-india.org/../../../internship-details.php?uid=SU5URVJOU0hJUF8xNzc1NTQ2NTQ5NjlkNGIwYjUxMjBlZQ==
AICTE,PYTHON PROGRAMMING INTERNSHIP,N/A,Start dateImmediately,Unpaid,Duration2 Months,Not mentioned,Full Time,Not mentioned,Not mentioned,All,Not mentioned,N/A,28-Aug-2026,N/A,https://internship.aicte-india.org/../../../internship-details.php?uid=SU5URVJOU0hJUF8xNzc1NDg0Njc2NjlkM2JmMDRhY2NiMA==
AICTE,PYTHON PROGRAMMING INTERNSHIP,N/A,Start dateImmediately,Unpaid,Duration2 Months,Not mentioned,Full Time,Not mentioned,Not mentioned,All,Not mentioned,N/A,31-Aug-2026,N/A,https://internship.aicte-india.org/../../../internship-details.php?uid=SU5URVJOU0hJUF8xNzc1NDY2MzkxNjlkMzc3OTc1M2ZkYw==
AICTE,PYTHON PROGRAMMING INTERNSHIP,N/A,Start dateImmediately,Unpaid,Duration2 Months,Not mentioned,Full Time,Not mentioned,Not mentioned,All,Not mentioned,N/A,31-Aug-2026,N/A,https://internship.aicte-india.org/../../../internship-details.php?uid=SU5URVJOU0hJUF8xNzc1NDQxNzAwNjlkMzE3MjRhZTY2Yg==
AICTE,ARTIFICIAL INTELLIGENCE & MACHINE LEARNING INTERNSHIP,N/A,Start dateImmediately,Unpaid,Duration2 Months,Not mentioned,Full Time,Not mentioned,Not mentioned,All,Not mentioned,N/A,31-Aug-2026,N/A,https://internship.aicte-india.org/../../../internship-details.php?uid=SU5URVJOU0hJUF8xNzc1NDQxMjkyNjlkMzE1OGMwZWYwNA==
AICTE,ARTIFICIAL INTELLIGENCE & MACHINE LEARNING INTERNSHIP,N/A,Start dateImmediately,Unpaid,Duration2 Months,Not mentioned,Full Time,Not mentioned,Not mentioned,All,Not mentioned,N/A,30-Sep-2026,N/A,https://internship.aicte-india.org/../../../internship-details.php?uid=SU5URVJOU0hJUF8xNzc1NDAzNzczNjlkMjgyZmRiYjg0OQ==
AICTE,PYTHON - AI - ML - DATA SCIENCE - JAVA - WEBSITE DEVELOPMENT INTERNSHIP,N/A,Start dateImmediately,Unpaid,Duration2 Months,Not mentioned,Full Time,Not mentioned,Not mentioned,All,Not mentioned,N/A,24-Sep-2026,N/A,https://internship.aicte-india.org/../../../internship-details.php?uid=SU5URVJOU0hJUF8xNzc1NDAzMTgxNjlkMjgwYWQxMWUwMg==
AICTE,ARTIFICIAL INTELLIGENCE & MACHINE LEARNING INTERNSHIP,N/A,Start dateImmediately,Unpaid,Duration2 Months,Not mentioned,Full Time,Not mentioned,Not mentioned,All,Not mentioned,N/A,05-Oct-2026,N/A,https://internship.aicte-india.org/../../../internship-details.php?uid=SU5URVJOU0hJUF8xNzc1MzU5MjI1NjlkMWQ0ZjlkNjlhMQ==
AICTE,PYTHON - AI - ML - DATA SCIENCE - JAVA - WEBSITE DEVELOPMENT INTERNSHIP,N/A,Start dateImmediately,Unpaid,Duration2 Months,Not mentioned,Full Time,Not mentioned,Not mentioned,All,Not mentioned,N/A,30-Sep-2026,N/A,https://internship.aicte-india.org/../../../internship-details.php?uid=SU5URVJOU0hJUF8xNzc1MzU4ODg4NjlkMWQzYTgzNmUzNQ==
AICTE,DEVOPS INTERN,N/A,Start dateImmediately,Unpaid,Duration6 Months,Remote,Full Time,Not mentioned,Not mentioned,All,Not mentioned,N/A,04-May-2026,N/A,https://internship.aicte-india.org/../../../internship-details.php?uid=SU5URVJOU0hJUF8xNzc1MzU1ODM1NjlkMWM3YmJiNTY4NQ==
AICTE,BBS - LAW INTERN,"Bharatiya Bhasha Samiti under Ministry of Education, Govt. of India (Secretariat: SLBSNSU)","New Delhi,",₹ 10000 /month,Start dateImmediately,Remote,Full Time,Not mentioned,Not mentioned,All,Not mentioned,N/A,2023-09-15,100,https://internship.aicte-india.org/internship-details.php?uid=SU5URVJOU0hJUF8xNjkzNjc4NTg0NjRmMzdiZjg0YTI0OQ==&level=NA==
AICTE,CYBER SECURITY BEGINNER MASTER INTERNSHIP,EXTION INFOTECH,"Pan India,",₹ 0 /month,Start dateImmediately,Remote,Full Time,Not mentioned,Not mentioned,All,Not mentioned,N/A,2026-04-19,10,https://internship.aicte-india.org/internship-details.php?uid=SU5URVJOU0hJUF8xNzc2MTkxNTg4NjlkZTg4NjQwODQyOQ==
AICTE,AUTOCAD,Council for Skills and Competencies,"Pan India,",₹ 0 /month,Start dateImmediately,Remote,Full Time,Not mentioned,Not mentioned,All,Not mentioned,N/A,2026-05-15,10,https://internship.aicte-india.org/internship-details.php?uid=SU5URVJOU0hJUF8xNzc2MjIxMzMzNjlkZWZjOTU5N2NhYg==
AICTE,CLOUD COMPUTING / AWS LEARNING INTERNSHIP,CodeMore,"Pan India,",₹ 0 /month,Start dateImmediately,Not mentioned,Full Time,Not mentioned,Not mentioned,All,Not mentioned,N/A,2026-08-31,2,https://internship.aicte-india.org/internship-details.php?uid=SU5URVJOU0hJUF8xNzc2MjIxNzMzNjlkZWZlMjUxZmI3MA==
AICTE,US IT RECRUITER - NIGHT SHIFT,BluePlanet Infosolutions India Pvt Ltd,"Pan India,",₹ 0 /month,Start dateImmediately,Remote,Full Time,Not mentioned,Not mentioned,All,Not mentioned,N/A,2026-05-09,10,https://internship.aicte-india.org/internship-details.php?uid=SU5URVJOU0hJUF8xNzc2MjMzMzA2NjlkZjJiNWE0ODYzMw==
AICTE,ARTIFICIAL INTELLIGENCE INTERN,Kodbud Solutions,"Pan India,",₹ 0 /month,Start dateImmediately,Remote,Full Time,Not mentioned,Not mentioned,All,Not mentioned,N/A,2026-04-17,10,https://internship.aicte-india.org/internship-details.php?uid=SU5URVJOU0hJUF8xNzc2MjM1NTQ0NjlkZjM0MTg3ZTZlYg==
AICTE,WEB DEVELOPMENT INTERNSHIP,Soft Nexis Technology,"Pan India,",₹ 0 /month,Start dateImmediately,Remote,Full Time,Not mentioned,Not mentioned,All,Not mentioned,N/A,2026-04-18,3,https://internship.aicte-india.org/internship-details.php?uid=SU5URVJOU0hJUF8xNzc2MjQwNzUzNjlkZjQ4NzFhY2YwNQ==
AICTE,"UI/UX DESIGN, WEB DESIGNING,FULL STACK DEVELOPMENT, MERN STACK DEVELOPER",MAINCRAFTS COM,"Pan India,",₹ 0 /month,Start dateImmediately,Remote,Full Time,Not mentioned,Not mentioned,All,Not mentioned,N/A,2026-04-17,4,https://internship.aicte-india.org/internship-details.php?uid=SU5URVJOU0hJUF8xNzc2MjQ5OTI4NjlkZjZjNDhhODc2Zg==
AICTE,PYTHON - AI - ML - DATA SCIENCE - JAVA - WEBSITE DEVELOPMENT INTERNSHIP,ROBOKWIK.COM,"Pan India,",₹ 0 /month,Start dateImmediately,Remote,Full Time,Not mentioned,Not mentioned,All,Not mentioned,N/A,2026-04-16,1,https://internship.aicte-india.org/internship-details.php?uid=SU5URVJOU0hJUF8xNzc2MTE1MTc2NjlkZDVkZThkNTgxNg==
AICTE,"NURSERY MANAGEMENT, HORTICULTURAL AND LAND SCAPING PRACTICES,  PLANT PROPAGATION AND CONSERVATION OF MEDICINAL AND AIR PURIFYING PLANTS, ORCHIDS, CACTI AND SUCCULENTS",Dolphin Nature Conservation Society,"Visakhapatnam,",₹ 0 /month,Start dateImmediately,Not mentioned,Full Time,Not mentioned,Not mentioned,All,Not mentioned,N/A,2026-05-05,10,https://internship.aicte-india.org/internship-details.php?uid=SU5URVJOU0hJUF8xNzc2MTM0NDE4NjlkZGE5MTJiMDE1OQ==
AICTE,WEB DEPLOYMENT INTERN,RMkart,"Pan India,",₹ 0 /month,Start dateImmediately,Remote,Full Time,Not mentioned,Not mentioned,All,Not mentioned,N/A,2026-04-30,2,https://internship.aicte-india.org/internship-details.php?uid=SU5URVJOU0hJUF8xNzc2MTM4MDIwNjlkZGI3MjQyZDdhYw==
Company Careers,Software Engineering Internship (SWE Intern),Google,Multiple Locations / Remote,Not disclosed,N/A,On-site,Full Time,"Computer Science, Information Technology",Not mentioned,All,Search for active openings on Google Careers,N/A,N/A,N/A,https://www.google.com/about/careers/applications/jobs/results?q=intern&employment_type=INTERN
Company Careers,STEP Internship (Student Training in Engineering Program),Google,Multiple Locations,Not disclosed,N/A,On-site,Full Time,"Computer Science, Information Technology",Not mentioned,All,For 1st and 2nd year undergrad CS students,N/A,N/A,N/A,https://buildyourfuture.withgoogle.com/programs/step
Company Careers,University Internship (Software Engineering),Microsoft,Multiple Locations / India,Not disclosed,N/A,On-site,Full Time,"Computer Science, Information Technology, Electronics",Not mentioned,All,Pre-final year STEM students eligible,N/A,N/A,N/A,https://careers.microsoft.com/v2/global/en/universityinternship
Company Careers,Explore Microsoft Internship,Microsoft,India / USA,Not disclosed,N/A,On-site,Full Time,"Computer Science, Information Technology",Not mentioned,All,For 1st and 2nd year students only,N/A,N/A,N/A,https://careers.microsoft.com/v2/global/en/exploremicrosoft
Company Careers,Apple Internship Program,Apple,Multiple Locations,Not disclosed,N/A,On-site,Full Time,"Computer Science, Electronics, Electrical, Mechanical",Not mentioned,All,Search 'intern' on Apple Jobs for active roles,N/A,N/A,N/A,https://www.apple.com/careers/us/students.html
Company Careers,Software Engineer Internship,Meta (Facebook),Multiple Locations,Not disclosed,N/A,On-site,Full Time,"Computer Science, Information Technology",Not mentioned,All,Filter by Internship team on Meta Careers,N/A,N/A,N/A,https://www.metacareers.com/jobs?q=intern&teams[0]=Internship%20-%20Engineering%2C%20Tech%20%26%20Design
Company Careers,Software Development Engineer Internship (SDE Intern),Amazon,Multiple Locations / India,Not disclosed,N/A,On-site,Full Time,"Computer Science, Information Technology",Not mentioned,All,Check Student Programs section on Amazon Jobs,N/A,N/A,N/A,https://www.amazon.jobs/en/job_categories/student-programs
Company Careers,Adobe Research Internship / Engineering Internship,Adobe,Noida / Bengaluru / USA,Not disclosed,N/A,On-site,Full Time,"Computer Science, Information Technology, Data Science",Not mentioned,All,Search intern on Adobe Careers,N/A,N/A,N/A,https://careers.adobe.com/us/en/search-results?keywords=intern
Company Careers,SheCodes by Adobe (Women in Tech),Adobe,India,Not disclosed,N/A,On-site,Full Time,"Computer Science, Information Technology",Not mentioned,Girls Only,Female-specific program. Check Adobe Careers for active cycle.,N/A,N/A,N/A,https://careers.adobe.com/us/en/search-results?keywords=shecodes
Company Careers,Summer Analyst Internship,Goldman Sachs,Bengaluru / Mumbai / Global,Not disclosed,N/A,On-site,Full Time,"Computer Science, Finance, Mathematics, Economics",Not mentioned,All,Look under Asia Pacific / India programs,N/A,N/A,N/A,https://www.goldmansachs.com/careers/students/programs/
Company Careers,Goldman Sachs Women's Possibilities Summit,Goldman Sachs,India,Not disclosed,N/A,On-site,Full Time,All,Not mentioned,Girls Only,Female-specific program. Check India student programs page.,N/A,N/A,N/A,https://www.goldmansachs.com/careers/students/programs/india/
Company Careers,Summer Analyst Program,Morgan Stanley,Mumbai / Bengaluru,Not disclosed,N/A,On-site,Full Time,"Computer Science, Finance, Mathematics, Economics",Not mentioned,All,Check Asia-Pacific / India under Students & Graduates,N/A,N/A,N/A,https://www.morganstanley.com/people-opportunities/students-graduates
Company Careers,Summer Analyst / Code for Good Internship,J.P. Morgan Chase,Mumbai / Bengaluru / Hyderabad,Not disclosed,N/A,On-site,Full Time,"Computer Science, Finance, Mathematics, Economics",Not mentioned,All,Code for Good is a 24-hour hackathon-style internship,N/A,N/A,N/A,https://careers.jpmorgan.com/global/en/students/programs
Company Careers,McKinsey Young Leaders Programme / Business Analyst Intern,McKinsey & Company,India (Multiple cities),Not disclosed,N/A,On-site,Full Time,All,Not mentioned,All,Check Students section for current India openings,N/A,N/A,N/A,https://www.mckinsey.com/careers/students
Company Careers,BCG Platinion / Summer Consulting Intern,BCG (Boston Consulting Group),India,Not disclosed,N/A,On-site,Full Time,All,Not mentioned,All,Check Students section for India internship openings,N/A,N/A,N/A,https://careers.bcg.com/students
Company Careers,Women in Technology (WIT) Internship,NXP Semiconductors,Noida / Bengaluru / Hyderabad,Not disclosed,N/A,On-site,Full Time,"Electronics, Electrical, Computer Science",Not mentioned,Girls Only,Female-specific program. Check NXP careers for active cycle.,N/A,N/A,N/A,https://www.nxp.com/company/about-nxp/careers/students-and-recent-graduates:STUDENTS-GRADUATES
Company Careers,Ascend Internship (Women in STEM),D.E. Shaw,Hyderabad,Not disclosed,N/A,On-site,Full Time,"Computer Science, Mathematics, Statistics",Not mentioned,Girls Only,Female-specific program by D.E. Shaw India,N/A,N/A,N/A,https://www.deshawindia.com/forms/NFS.aspx
Company Careers,Nesternship (Summer Internship Program),Nestlé India,"Multiple Locations, India",Not disclosed,N/A,On-site,Full Time,"MBA, Management, Food Technology, Chemical",Not mentioned,All,Annual summer internship program for MBA/PG students,N/A,N/A,N/A,https://www.nestle.in/jobs/nesternship
Company Careers,Bosch Engineering Internship,Bosch India,Bengaluru / Coimbatore / Chennai,Not disclosed,N/A,On-site,Full Time,"Electronics, Mechanical, Computer Science, Electrical",Not mentioned,All,Check Bosch India Careers for active openings,N/A,N/A,N/A,https://www.bosch.in/careers/your-entry-into-bosch/internships/
Company Careers,Siemens Student Internship Program,Siemens India,Mumbai / Pune / Bengaluru / Gurgaon,Not disclosed,N/A,On-site,Full Time,"Electronics, Electrical, Mechanical, Computer Science",Not mentioned,All,Search intern on Siemens global jobs portal filtered to India,N/A,N/A,N/A,https://jobs.siemens.com/careers?query=intern&domain=siemens.com
Company Careers,L&T Summer Internship Program,Larsen & Toubro (L&T),Pan India,Not disclosed,N/A,On-site,Full Time,"Civil, Mechanical, Electrical, Electronics, Computer Science",Not mentioned,All,Check Campus Recruitment section on L&T website,N/A,N/A,N/A,https://www.larsentoubro.com/corporate/career/campus-recruitment/
Company Careers,ISRO Student Internship / Project Trainee Scheme,ISRO,Bengaluru / Thiruvananthapuram / Ahmedabad (various centres),Not disclosed,N/A,On-site,Full Time,"Electronics, Computer Science, Mechanical, Electrical",6.32,All,Apply directly to individual ISRO centres. Min 60% / 6.32 CGPA required.,N/A,N/A,N/A,https://www.isro.gov.in/Internship.html
Company Careers,DRDO Apprentice / Internship Program,DRDO,Pan India (various DRDO labs),Not disclosed,N/A,On-site,Full Time,"Electronics, Computer Science, Mechanical, Electrical, Chemical",Not mentioned,All,Apply to individual DRDO labs. Requires college NOC.,N/A,N/A,N/A,https://www.drdo.gov.in/internship-scheme
Company Careers,NITI Aayog Young Professional / Internship Programme,NITI Aayog,New Delhi,Not disclosed,N/A,On-site,Full Time,All,Not mentioned,All,2-6 months. Open to UG/PG/PhD students from recognized institutions.,N/A,N/A,N/A,https://www.niti.gov.in/internship
Company Careers,RBI Summer Internship Programme,Reserve Bank of India (RBI),Mumbai / Regional offices,Not disclosed,N/A,On-site,Full Time,"Finance, Economics, Mathematics, Statistics, Management",Not mentioned,All,Paid internship. Open to students of Economics/Finance/Statistics.,N/A,N/A,N/A,https://opportunities.rbi.org.in/Scripts/Internships.aspx
Company Careers,Home,NITI Aayog,of Business Rules Amendment on Allocation of Business Rules NITI Aayog Constitution Cabinet Secretariat Notification dated 25,Not disclosed,Not mentioned,Not mentioned,Not mentioned,Not mentioned,Not mentioned,All,Check official page,N/A,N/A,N/A,https://wep.gov.in/
Company Careers,Bosch India Internship,Bosch India,India,Not disclosed,Not mentioned,Not mentioned,Not mentioned,Not mentioned,Not mentioned,All,Check official page,N/A,N/A,N/A,"https://go.microsoft.com/fwlink/?LinkID=62293&IIS70Error=404,0,0x80070002,17763"
